Date_s,Open_s,High_s,Low_s,Close_s,AdjClose_s,Volume_s,Date_m,Open_m,High_m,Low_m,Close_m,AdjClose_m,Volume_m
3/24/2020,150,160,140,150,150,13433700,3/24/2020,3989.51709,4123.562012,3911.716064,3937.63208,3937.63208,45744100
3/26/2020,150,176,150,170,170,42121700,3/26/2020,3937.63208,4370.660156,3935.914063,4338.903809,4338.903809,81100100
3/27/2020,174,202,172,185,185,63348500,3/27/2020,4338.903809,4697.666016,4338.903809,4545.570801,4545.570801,77851100
3/30/2020,182,182,173,175,175,14636900,3/30/2020,4545.570801,4545.570801,4317.713867,4414.5,4414.5,27552200
3/31/2020,175,189,175,181,181,15991300,3/31/2020,4414.5,4569.473145,4414.5,4538.930176,4538.930176,43426600
4/1/2020,183,189,180,182,182,18902900,4/1/2020,4538.930176,4627.417969,4445.138184,4466.037109,4466.037109,41848000
4/2/2020,182,191,174,183,183,21195400,4/2/2020,4466.037109,4531.685059,4393.668945,4531.685059,4531.685059,46011500
4/3/2020,185,195,182,191,191,25774900,4/3/2020,4531.685059,4623.429199,4531.685059,4623.429199,4623.429199,58684300
4/6/2020,191,218,189,210,210,42961500,4/6/2020,4623.429199,4811.827148,4623.429199,4811.827148,4811.827148,70452900
4/7/2020,214,230,210,218,218,31701100,4/7/2020,4811.827148,4975.536133,4721.721191,4778.63916,4778.63916,86224800
4/8/2020,218,228,204,204,204,20290500,4/8/2020,4778.63916,4780.214844,4583.900879,4626.694824,4626.694824,45557700
4/9/2020,204,220,200,210,210,15768100,4/9/2020,4626.694824,4669.709961,4562.901855,4649.079102,4649.079102,53523100
4/13/2020,210,216,202,208,208,7143000,4/13/2020,4649.079102,4659.029785,4591.728027,4623.894043,4623.894043,45586600
4/14/2020,208,214,206,210,210,27340100,4/14/2020,4623.894043,4706.491211,4623.894043,4706.491211,4706.491211,55226400
4/15/2020,212,214,198,199,199,20969100,4/15/2020,4706.491211,4747.725098,4605.054199,4625.904785,4625.904785,63059600
4/16/2020,200,202,190,192,192,13536400,4/16/2020,4480.606934,4480.606934,4480.606934,4480.606934,4480.606934,0
4/17/2020,196,200,194,197,197,15710500,4/17/2020,4480.606934,4637.242188,4480.606934,4634.820801,4634.820801,54547300
4/20/2020,198,198,191,193,193,15161400,4/20/2020,4634.820801,4669.541992,4573.773926,4575.904785,4575.904785,52113500
4/21/2020,196,196,182,183,183,13348800,4/21/2020,4575.904785,4575.904785,4482.63916,4501.918945,4501.918945,42328500
4/22/2020,183,183,177,182,182,8551600,4/22/2020,4501.918945,4580.680176,4441.089844,4567.562012,4567.562012,48368900
4/23/2020,183,187,179,179,179,19096800,4/23/2020,4567.562012,4629.025879,4567.562012,4593.554199,4593.554199,49463700
4/24/2020,177,177,167,167,167,31516400,4/24/2020,4593.554199,4593.830078,4496.063965,4496.063965,4496.063965,46122600
4/27/2020,168,168,157,162,162,13003600,4/27/2020,4496.063965,4541.312012,4474.893066,4513.141113,4513.141113,36774700
4/28/2020,164,193,163,184,184,67487200,4/28/2020,4513.141113,4532.378906,4494.470215,4529.554199,4529.554199,45440500
4/29/2020,185,188,179,180,180,20967700,4/29/2020,4529.554199,4568.665039,4523.955078,4567.323242,4567.323242,41461800
4/30/2020,186,191,182,188,188,32721600,4/30/2020,4567.323242,4726.773926,4567.323242,4716.402832,4716.402832,60229700
5/4/2020,185,188,177,181,181,25689500,5/4/2020,4716.402832,4716.402832,4576.228027,4605.486816,4605.486816,39084200
5/5/2020,181,210,181,198,198,72208800,5/5/2020,4605.486816,4667.786133,4605.486816,4630.132813,4630.132813,47829500
5/6/2020,200,210,200,206,206,49666300,5/6/2020,4630.132813,4647.524902,4597.750977,4608.790039,4608.790039,45079300
5/8/2020,210,252,210,246,246,363243100,5/8/2020,4608.790039,4630.588867,4586.73877,4597.430176,4597.430176,47798700
5/11/2020,250,262,230,230,230,158468400,5/11/2020,4597.430176,4659.861816,4597.430176,4639.10498,4639.10498,45461000
5/12/2020,232,242,220,224,224,64387600,5/12/2020,4639.10498,4644.134766,4552.387207,4588.733887,4588.733887,46906900
5/13/2020,224,244,220,234,234,99021100,5/13/2020,4588.733887,4588.733887,4519.978027,4554.358887,4554.358887,45092300
5/14/2020,232,252,230,234,234,154846100,5/14/2020,4554.358887,4564.149902,4494.153809,4513.833984,4513.833984,47342600
5/15/2020,238,242,224,224,224,67191400,5/15/2020,4513.833984,4540.420898,4460.272949,4507.606934,4507.606934,46257200
5/18/2020,216,232,216,228,228,49462700,5/18/2020,4507.606934,4527.967773,4487.179199,4511.058105,4511.058105,45156900
5/19/2020,232,238,220,222,222,36781800,5/19/2020,4511.058105,4609.041992,4511.058105,4548.655762,4548.655762,51665300
5/20/2020,224,226,220,222,222,14357900,5/20/2020,4548.655762,4561.554199,4521.470215,4545.952148,4545.952148,42464800
5/26/2020,222,232,222,226,226,27684500,5/26/2020,4545.952148,4634.652832,4541.833984,4626.798828,4626.798828,53757500
5/27/2020,228,240,224,234,234,90431300,5/27/2020,4626.798828,4641.555176,4597.37207,4641.555176,4641.555176,60985400
5/28/2020,236,240,230,234,234,66797500,5/28/2020,4641.555176,4741.603027,4638.808105,4716.185059,4716.185059,68549600
5/29/2020,236,246,230,238,238,62084800,5/29/2020,4716.185059,4755.957031,4704.788086,4753.611816,4753.611816,104791300
6/2/2020,242,254,238,250,250,102089600,6/2/2020,4753.611816,4884.01123,4753.611816,4847.506836,4847.506836,73135500
6/3/2020,250,256,240,246,246,60975800,6/3/2020,4847.506836,4960.070801,4847.506836,4941.005859,4941.005859,101631500
6/4/2020,250,250,238,240,240,31079500,6/4/2020,4941.005859,5014.76416,4899.390137,4916.704102,4916.704102,110933800
6/5/2020,238,276,230,276,276,129864800,6/5/2020,4916.704102,4948.512207,4851.148926,4947.782227,4947.782227,86864800
6/8/2020,280,300,266,290,290,156030600,6/8/2020,4947.782227,5103.085938,4947.782227,5070.561035,5070.561035,138169200
6/9/2020,300,310,274,284,284,110021900,6/9/2020,5070.561035,5139.405762,5023.76709,5035.055176,5035.055176,115140600
6/10/2020,284,298,266,274,274,69365800,6/10/2020,5035.055176,5036.855957,4892.817871,4920.682129,4920.682129,84234700
6/11/2020,274,288,260,284,284,72332800,6/11/2020,4920.682129,4931.242188,4812.192871,4854.753906,4854.753906,71655200
6/12/2020,284,284,268,278,278,38560400,6/12/2020,4854.753906,4880.358887,4712.073242,4880.358887,4880.358887,80885000
6/15/2020,280,282,268,268,268,17366600,6/15/2020,4880.358887,4918.056152,4809.619141,4816.335938,4816.335938,64138400
6/16/2020,268,286,268,280,280,34166800,6/16/2020,4816.335938,4989.526855,4816.335938,4986.458008,4986.458008,75836700
6/17/2020,290,290,276,276,276,22667800,6/17/2020,4986.458008,5018.984863,4968.925781,4987.775879,4987.775879,68366200
6/18/2020,276,284,272,276,276,25838700,6/18/2020,4987.775879,4993.61377,4925.248047,4925.248047,4925.248047,70877500
6/19/2020,276,284,274,274,274,16847400,6/19/2020,4925.248047,4970.066895,4925.248047,4942.274902,4942.274902,57556700
6/22/2020,276,278,270,274,274,15252700,6/22/2020,4942.274902,4957.666016,4904.766113,4918.831055,4918.831055,47869800
6/23/2020,274,274,268,272,272,9093400,6/23/2020,4918.831055,4938.394043,4879.132813,4879.132813,4879.132813,54884300
6/24/2020,276,276,270,272,272,16771000,6/24/2020,4879.132813,4977.650879,4879.132813,4964.734863,4964.734863,62466500
6/25/2020,270,270,262,266,266,16163500,6/25/2020,4964.734863,4964.734863,4883.709961,4896.72998,4896.72998,50705900
6/26/2020,268,272,266,266,266,7502300,6/26/2020,4896.72998,4941.138184,4882.141113,4904.087891,4904.087891,44280300
6/29/2020,268,268,250,252,252,44109400,6/29/2020,4904.087891,4909.905762,4862.041016,4901.817871,4901.817871,44174500
6/30/2020,254,260,244,246,246,48370800,6/30/2020,4901.817871,4939.839844,4894.120117,4905.39209,4905.39209,51279100
7/1/2020,246,252,240,244,244,18436200,7/1/2020,4905.39209,4928.611816,4885.602051,4914.388184,4914.388184,43243400
7/2/2020,244,258,244,248,248,48141100,7/2/2020,4914.388184,4966.779785,4914.388184,4966.779785,4966.779785,55396200
7/3/2020,250,254,244,244,244,36877300,7/3/2020,4966.779785,4997.481934,4964.10791,4973.793945,4973.793945,55723400
7/6/2020,246,252,246,250,250,13443500,7/6/2020,4973.793945,5009.345215,4973.490234,4988.866211,4988.866211,64282100
7/7/2020,252,254,248,248,248,13451200,7/7/2020,4988.866211,5011.712891,4982.333984,4987.082031,4987.082031,72834600
7/8/2020,248,256,246,248,248,32663100,7/8/2020,4987.082031,5080.251953,4985.01709,5076.173828,5076.173828,73499000
7/9/2020,250,280,250,266,266,253142900,7/9/2020,5076.173828,5111.563965,5041.930176,5052.793945,5052.793945,79794300
7/10/2020,268,270,258,258,258,50930900,7/10/2020,5052.793945,5076.520996,5022.169922,5031.255859,5031.255859,67684500
7/13/2020,258,264,252,258,258,30131900,7/13/2020,5031.255859,5075.098145,5024.934082,5064.446777,5064.446777,65331900
7/14/2020,258,266,252,260,260,59224400,7/14/2020,5064.446777,5079.12207,5053.722168,5079.12207,5079.12207,71530500
7/15/2020,260,268,258,258,258,25673600,7/15/2020,5079.12207,5116.463867,5069.380859,5075.797852,5075.797852,82580500
7/16/2020,272,284,262,264,264,203813000,7/16/2020,5075.797852,5107.259766,5075.797852,5098.374023,5098.374023,68710400
7/17/2020,266,268,258,260,260,27321800,7/17/2020,5098.374023,5110.430176,5073.557129,5079.584961,5079.584961,61709100
7/20/2020,256,262,254,256,256,23324500,7/20/2020,5079.584961,5100.191895,5031.888184,5051.105957,5051.105957,68632100
7/21/2020,256,264,254,258,258,31566600,7/21/2020,5051.105957,5135.559082,5047.085938,5114.708984,5114.708984,83156800
7/22/2020,260,262,256,256,256,21670100,7/22/2020,5114.708984,5142.043945,5099.566895,5110.187012,5110.187012,79454100
7/23/2020,260,268,254,260,260,47295400,7/23/2020,5110.220215,5162.97998,5110.220215,5145.009766,5145.009766,98800000
7/24/2020,260,260,256,256,256,14183700,7/24/2020,5145.01123,5149.589844,5074.492188,5082.991211,5082.991211,97013800
7/27/2020,258,260,252,254,254,29708300,7/27/2020,5082.991211,5116.666016,5080.121094,5116.666016,5116.666016,103523300
7/28/2020,254,254,250,252,252,23142900,7/28/2020,5116.666016,5143.286133,5097.418945,5112.98877,5112.98877,91890400
7/29/2020,250,252,242,248,248,30832600,7/29/2020,5111.109863,5149.629883,5091.399902,5149.629883,5149.629883,80750000
7/30/2020,248,250,242,244,244,16672700,7/30/2020,5111.112793,5149.626953,5091.399902,5149.626953,5149.626953,80749900
8/3/2020,246,248,228,232,232,40436300,8/3/2020,5149.626953,5157.272949,4928.467773,5006.223145,5006.223145,83815200
8/4/2020,234,240,228,238,238,14965400,8/4/2020,5006.223145,5075.001953,5006.223145,5075.001953,5075.001953,73766600
8/5/2020,240,242,230,240,240,19586200,8/5/2020,5075.001953,5127.050781,5059.088867,5127.050781,5127.050781,84611300
8/6/2020,242,260,238,258,258,73434600,8/6/2020,5127.050781,5187.963867,5127.050781,5178.271973,5178.271973,90452400
8/7/2020,270,280,260,260,260,227156100,8/7/2020,5178.271973,5187.374023,5119.683105,5143.893066,5143.893066,91282400
8/10/2020,246,262,246,252,252,36076200,8/10/2020,5157.833984,5157.833984,5157.833984,5157.833984,5157.833984,0
8/11/2020,262,262,252,256,256,18861100,8/11/2020,5157.930176,5201.450195,5157.930176,5190.169922,5190.169922,88400000
8/12/2020,256,258,250,254,254,23168600,8/12/2020,5190.166016,5235.52002,5178.458984,5233.452148,5233.452148,96807400
8/13/2020,256,256,252,256,256,17965600,8/13/2020,5233.452148,5279.349121,5218.413086,5239.25,5239.25,84601700
8/14/2020,250,258,250,250,250,23779300,8/14/2020,5239.25,5255.374023,5221.919922,5247.689941,5247.689941,70397600
8/18/2020,250,266,250,256,256,44131100,8/18/2020,5247.689941,5316.132813,5243.995117,5295.173828,5295.173828,95642400
8/19/2020,256,260,254,254,254,14694700,8/19/2020,5295.173828,5327.315918,5268.506836,5272.810059,5272.810059,92676400
8/24/2020,256,260,252,254,254,21297900,8/24/2020,5272.810059,5294.153809,5261.408203,5277.041016,5277.041016,138410800
8/25/2020,254,272,254,262,262,211067000,8/25/2020,5277.041016,5341.376953,5276.957031,5338.888184,5338.888184,146510200
8/26/2020,264,266,254,256,256,42894800,8/26/2020,5338.888184,5351.471191,5324.612793,5340.328125,5340.328125,137729200
8/27/2020,258,262,254,254,254,25737100,8/27/2020,5340.328125,5371.472168,5325.487793,5371.472168,5371.472168,134549700
8/28/2020,264,264,254,260,260,29658600,8/28/2020,5371.472168,5381.948242,5325.60498,5346.65918,5346.65918,107955900
8/31/2020,264,266,252,252,252,37528900,8/31/2020,5346.65918,5369.446777,5233.143066,5238.486816,5238.486816,124088000
9/1/2020,252,260,252,254,254,14779400,9/1/2020,5238.486816,5310.679199,5219.208008,5310.679199,5310.679199,90465800
9/2/2020,254,258,254,254,254,9437700,9/2/2020,5310.679199,5337.099121,5295.276855,5311.970215,5311.970215,121613800
9/3/2020,258,260,252,254,254,10945900,9/3/2020,5311.970215,5331.167969,5242.171875,5280.812988,5280.812988,136923000
9/4/2020,256,256,248,252,252,18196700,9/4/2020,5280.812988,5280.812988,5188.608887,5239.851074,5239.851074,95095800
9/7/2020,256,260,254,256,256,42671600,9/7/2020,5235.009766,5245.349121,5195.865234,5230.195801,5230.195801,80111600
9/8/2020,258,268,254,256,256,94258600,9/8/2020,5232.917969,5256.305176,5232.917969,5244.071777,5244.071777,103353200
9/9/2020,250,256,248,250,250,29265900,9/9/2020,5214.032227,5216.02002,5135.812012,5149.375977,5149.375977,101220300
9/10/2020,246,248,234,234,234,36873400,9/10/2020,5084.326172,5084.483887,4878.279785,4891.460938,4891.460938,82384700
9/11/2020,226,238,218,232,232,53661300,9/11/2020,4804.644043,5016.711914,4754.798828,5016.711914,5016.711914,125812400
9/14/2020,232,242,232,240,240,17357700,9/14/2020,5060.023926,5161.828125,5059.26709,5161.828125,5161.828125,109865600
9/15/2020,242,246,238,240,240,14034000,9/15/2020,5169.245117,5187.278809,5091.293945,5100.865234,5100.865234,113645500
9/16/2020,242,242,236,236,236,5332600,9/16/2020,5108.12793,5117.287109,5051.753906,5058.481934,5058.481934,88769100
9/17/2020,238,240,234,236,236,4647300,9/17/2020,5058.950195,5099.577148,5013.186035,5038.400879,5038.400879,85305000
9/18/2020,234,238,234,236,236,4337900,9/18/2020,5037.369141,5072.680176,5023.443848,5059.223145,5059.223145,105751600
9/21/2020,236,238,230,230,230,9174000,9/21/2020,5058.990234,5075.818848,4987.748047,4999.359863,4999.359863,106452100
9/22/2020,230,230,220,222,222,14400900,9/22/2020,4947.730957,4978.440918,4919.109863,4934.092773,4934.092773,74792200
9/23/2020,224,228,216,218,218,15976700,9/23/2020,4946.50293,4984.23877,4873.020996,4917.955078,4917.955078,70609200
9/24/2020,214,218,206,210,210,13692900,9/24/2020,4876.351074,4897.336914,4820.331055,4842.755859,4842.755859,65673400
9/25/2020,212,226,210,220,220,13521200,9/25/2020,4867.962891,4949.303223,4848.024902,4945.791016,4945.791016,88843900
9/28/2020,224,230,216,216,216,9790500,9/28/2020,4962.953125,4991.762207,4905.51123,4906.547852,4906.547852,83772300
9/29/2020,222,224,216,218,218,6301700,9/29/2020,4929.333008,4950.967773,4859.786133,4879.098145,4879.098145,86481700
9/30/2020,218,220,214,214,214,3602900,9/30/2020,4896.432129,4903.86377,4841.361816,4870.039063,4870.039063,85378000
10/1/2020,214,220,214,220,220,7168900,10/1/2020,4899.644043,4970.094238,4898.99707,4970.094238,4970.094238,96362100
10/2/2020,230,230,218,222,222,8922900,10/2/2020,4969.245117,4972.823242,4881.913086,4926.733887,4926.733887,88815300
10/5/2020,216,228,216,222,222,3719400,10/5/2020,4947.040039,4962.792969,4915.685059,4958.769043,4958.769043,70868100
10/6/2020,224,232,224,228,228,14208400,10/6/2020,5004.395996,5023.894043,4992.481934,4999.221191,4999.221191,108547800
10/7/2020,228,230,224,228,228,5337900,10/7/2020,4976.567871,5014.609863,4962.089844,5004.327148,5004.327148,92870700
10/8/2020,230,236,228,230,230,20525800,10/8/2020,5018.736816,5039.14209,5001.519043,5039.14209,5039.14209,80288700
10/9/2020,234,238,230,236,236,14167900,10/9/2020,5036.476074,5057.835938,5029.151855,5053.663086,5053.663086,69016600
10/12/2020,236,240,230,230,230,20771400,10/12/2020,5078.128906,5103.50293,5078.128906,5093.099121,5093.099121,91642100
10/13/2020,234,236,230,234,234,15181500,10/13/2020,5093.421875,5132.958984,5064.170898,5132.571777,5132.571777,110621000
10/14/2020,232,240,232,240,240,39316200,10/14/2020,5134.662109,5177.924805,5125.044922,5176.099121,5176.099121,119876700
10/15/2020,250,274,244,246,246,232896700,10/15/2020,5172.59082,5182.530762,5105.149902,5105.149902,5105.149902,110523700
10/16/2020,246,250,240,244,244,20977000,10/16/2020,5111.434082,5115.558105,5067.588867,5103.414063,5103.414063,92480400
10/19/2020,244,250,244,244,244,9718300,10/19/2020,5116.757813,5128.651855,5090.776855,5126.330078,5126.330078,111112200
10/20/2020,244,246,238,240,240,14236600,10/20/2020,5120.913086,5135.078125,5080.956055,5099.839844,5099.839844,88592600
10/21/2020,240,248,240,242,242,15010800,10/21/2020,5116.790039,5131.506836,5083.660156,5096.445801,5096.445801,104786700
10/22/2020,244,244,240,242,242,5841300,10/22/2020,5084.790039,5093.825195,5063.696777,5091.815918,5091.815918,122922500
10/23/2020,246,248,242,244,244,12356300,10/23/2020,5112.787109,5121.02002,5095.506836,5112.187988,5112.187988,95498300
10/26/2020,246,248,240,242,242,12842300,10/26/2020,5113.148926,5158.265137,5113.022949,5144.048828,5144.048828,103314100
10/27/2020,242,244,238,240,240,12465600,10/27/2020,5133.537109,5155.565918,5110.618164,5128.225098,5128.225098,107122400
11/2/2020,240,240,232,238,238,17434500,11/2/2020,5108.028809,5130.686035,5073.5,5115.12793,5115.12793,97646200
11/3/2020,240,244,240,242,242,15166100,11/3/2020,5133.981934,5162.347168,5131.949219,5159.452148,5159.452148,101351100
11/4/2020,242,248,238,238,238,19000400,11/4/2020,5170.823242,5188.008789,5105.199219,5105.199219,5105.199219,103974300
11/5/2020,240,244,238,242,242,9371600,11/5/2020,5161.390137,5260.326172,5161.390137,5260.326172,5260.326172,108832000
11/6/2020,242,246,238,242,242,19757700,11/6/2020,5276.164063,5335.528809,5246.701172,5335.528809,5335.528809,104732100
11/9/2020,242,268,242,258,258,173528300,11/9/2020,5371.971191,5395.711914,5319.419922,5356.004883,5356.004883,121516500
11/10/2020,280,304,270,300,300,595315400,11/10/2020,5424.731934,5469.183105,5412.594238,5462.73877,5462.73877,149596500
11/11/2020,300,308,282,288,288,284948800,11/11/2020,5475.564941,5520.908203,5471.591797,5509.513184,5509.513184,165238700
11/12/2020,288,350,282,318,318,1096503100,11/12/2020,5494.484863,5500.416016,5449.796875,5458.602051,5458.602051,119777900
11/13/2020,320,340,318,328,328,306551000,11/13/2020,5449.101074,5466.563965,5427.631836,5461.058105,5461.058105,113428800
11/16/2020,332,340,322,322,322,104178000,11/16/2020,5500.03418,5519.679199,5462.459961,5494.87207,5494.87207,119907500
11/17/2020,322,344,322,330,330,224666700,11/17/2020,5516.580078,5562.537109,5515.519043,5529.939941,5529.939941,146811400
11/18/2020,332,396,330,392,392,795194600,11/18/2020,5530.875977,5574.728027,5530.875977,5557.518066,5557.518066,140753000
11/19/2020,390,402,378,390,390,348998900,11/19/2020,5541.421875,5598.523926,5541.313965,5594.059082,5594.059082,166665200
11/20/2020,394,416,392,394,394,480473600,11/20/2020,5602.783203,5628.441895,5563.654785,5571.655762,5571.655762,215797300
11/23/2020,396,408,394,396,396,141866900,11/23/2020,5583.330078,5652.76416,5583.330078,5652.76416,5652.76416,189943100
11/24/2020,400,404,394,396,396,139754300,11/24/2020,5677.299805,5710.380859,5667.368164,5701.028809,5701.028809,240469400
11/25/2020,400,402,382,384,384,120879600,11/25/2020,5735.13623,5770.661133,5666.76416,5679.24707,5679.24707,325423300
11/26/2020,386,390,376,382,382,70793900,11/26/2020,5669.664063,5759.916016,5669.664063,5759.916016,5759.916016,248292500
11/27/2020,382,408,382,394,394,261201600,11/27/2020,5773.555176,5795.835938,5745.884766,5783.334961,5783.334961,251434900
11/30/2020,396,402,368,378,378,139523400,11/30/2020,5779.670898,5798.291992,5563.861816,5612.415039,5612.415039,319900500
12/1/2020,382,426,382,410,410,933204900,12/1/2020,5637.894043,5736.318848,5594.277832,5724.742188,5724.742188,209477700
12/2/2020,416,434,410,416,416,417141900,12/2/2020,5755.175781,5813.986816,5734.26123,5813.986816,5813.986816,219110200
12/3/2020,416,458,416,436,436,555432400,12/3/2020,5833.323242,5853.155762,5797.013184,5822.941895,5822.941895,238397400
12/4/2020,438,444,422,436,436,160287800,12/4/2020,5820.819824,5823.324219,5775.569824,5810.48291,5810.48291,173857900
12/7/2020,450,464,444,448,448,196662700,12/7/2020,5854.303223,5941.352051,5854.303223,5930.758789,5930.758789,226790300
12/8/2020,450,460,444,446,446,193176700,12/8/2020,5947.658203,5961.778809,5911.098145,5944.40918,5944.40918,294205100
12/10/2020,446,458,446,450,450,101260600,12/10/2020,5976.999023,6004.422852,5911.914063,5933.698242,5933.698242,264587600
12/11/2020,460,470,452,454,454,163549900,12/11/2020,5946.358887,5976.568848,5924.371094,5938.329102,5938.329102,217654500
12/14/2020,458,460,444,446,446,111101500,12/14/2020,5959.274902,6013.951172,5959.274902,6012.516113,6012.516113,226876100
12/15/2020,446,456,430,440,440,241763900,12/15/2020,6013.51123,6023.214844,5965.805176,6010.12793,6010.12793,194411200
12/16/2020,448,456,444,446,446,124536000,12/16/2020,6046.866211,6123.953125,6046.866211,6118.401855,6118.401855,291042900
12/17/2020,448,452,434,440,440,102409400,12/17/2020,6133.096191,6160.977051,6075.832031,6113.381836,6113.381836,321737000
12/18/2020,440,478,438,454,454,522562300,12/18/2020,6106.250977,6142.85791,6091.397949,6104.324219,6104.324219,257981400
12/21/2020,460,478,456,462,462,270881100,12/21/2020,6131.623047,6195.153809,6119.917969,6165.624023,6165.624023,238612700
12/22/2020,464,476,440,444,444,277511600,12/22/2020,6146.645996,6174.458984,6010.210938,6023.289063,6023.289063,250085200
12/23/2020,446,456,414,434,434,140534800,12/23/2020,6061.848145,6104.35498,5853.26123,6008.708984,6008.708984,203528500
12/28/2020,434,442,420,432,432,68639600,12/28/2020,6067,6095.007813,5979.904785,6093.554199,6093.554199,180855700
12/29/2020,440,462,424,432,432,288142300,12/29/2020,6112.720215,6143.870117,6026.705078,6036.173828,6036.173828,175135000
12/30/2020,436,436,402,402,402,153624700,12/30/2020,6052.121094,6055.970215,5962.009766,5979.073242,5979.073242,170039300
1/4/2021,404,412,376,404,404,76287400,1/4/2021,5997.830078,6104.897949,5929.047852,6104.897949,6104.897949,183917000
1/5/2021,404,424,402,410,410,107440300,1/5/2021,6105.793945,6145.612793,6073.416016,6137.342773,6137.342773,174687000
1/6/2021,412,416,388,400,400,83255400,1/6/2021,6139.137207,6166.628906,5987.785156,6065.682129,6065.682129,199163800
1/7/2021,402,408,396,398,398,70964400,1/7/2021,6091.716797,6158.037109,6090.36084,6153.632813,6153.632813,227517900
1/8/2021,398,426,394,416,416,311245400,1/8/2021,6190.948242,6275.742188,6190.101074,6257.834961,6257.834961,221751300
1/11/2021,416,440,406,414,414,329856300,1/11/2021,6278.413086,6382.937012,6278.374023,6382.937012,6382.937012,297901100
1/12/2021,420,426,410,414,414,150934000,1/12/2021,6393.902832,6435.959961,6353.307129,6395.668945,6395.668945,279603400
1/13/2021,418,424,410,412,412,80917100,1/13/2021,6439.934082,6464.350098,6393.898926,6435.205078,6435.205078,343008100
1/14/2021,416,434,404,418,418,308575800,1/14/2021,6445.900879,6465.532227,6407.569824,6428.314941,6428.314941,344812000
1/15/2021,420,424,412,414,414,77400100,1/15/2021,6447.984863,6472.312012,6341.250977,6373.412109,6373.412109,262275900
1/18/2021,416,420,400,402,402,76257700,1/18/2021,6365.025879,6428.314941,6316.875,6389.833984,6389.833984,337569400
1/19/2021,404,408,386,388,388,87398100,1/19/2021,6421.86084,6434.842773,6288.978027,6321.855957,6321.855957,223716900
1/20/2021,390,396,370,388,388,77591800,1/20/2021,6334.512207,6440.796875,6299.39209,6429.757813,6429.757813,190944100
1/21/2021,388,392,378,384,384,51545500,1/21/2021,6476.094238,6504.992188,6399.666016,6413.89209,6413.89209,171080400
1/22/2021,386,386,370,370,370,49474700,1/22/2021,6419.573242,6428.49707,6283.312988,6307.126953,6307.126953,157918500
1/25/2021,372,372,348,350,350,58558300,1/25/2021,6322.519043,6322.727051,6148.307129,6258.571777,6258.571777,154806200
1/26/2021,352,360,326,326,326,78003700,1/26/2021,6252.713867,6269.665039,6123.008789,6140.170898,6140.170898,172159800
1/27/2021,324,334,308,320,320,53655500,1/27/2021,6153.078125,6154.60498,5998.898926,6109.167969,6109.167969,181402600
1/28/2021,318,320,298,298,298,60206700,1/28/2021,6065.788086,6123.460938,5957.551758,5979.387207,5979.387207,157336200
1/29/2021,298,306,280,290,290,49320700,1/29/2021,6010.342773,6068.12793,5825.291992,5862.352051,5862.352051,147664800
2/1/2021,280,314,276,312,312,78220100,2/1/2021,5856.776855,6070.734863,5735.469238,6067.544922,6067.544922,208886800
2/2/2021,320,328,312,324,324,71477400,2/2/2021,6119.01123,6157.249023,6018.094238,6043.84082,6043.84082,227307800
2/3/2021,326,336,318,326,326,37143600,2/3/2021,6096.583984,6137.681152,6047.412109,6077.745117,6077.745117,153874400
2/4/2021,328,334,314,320,320,27033200,2/4/2021,6111.757813,6179.368164,6069.549805,6107.21582,6107.21582,148241900
2/5/2021,320,324,314,322,322,15090500,2/5/2021,6136.393066,6151.729004,6090.980957,6151.729004,6151.729004,134669100
2/8/2021,322,338,322,336,336,33649600,2/8/2021,6193.550781,6224.414063,6180.731934,6208.866211,6208.866211,161586900
2/9/2021,340,360,334,342,342,101715100,2/9/2021,6232.102051,6286.291016,6157.134766,6181.671875,6181.671875,175273400
2/10/2021,360,360,336,342,342,28822100,2/10/2021,6198.032227,6216.938965,6168.013184,6201.828125,6201.828125,122608700
2/11/2021,344,346,332,338,338,32411500,2/11/2021,6221.633789,6232.850098,6194.009766,6222.520996,6222.520996,104014000
2/15/2021,338,346,336,344,344,23915600,2/15/2021,6244.384766,6283.415039,6244.384766,6270.324219,6270.324219,123956100
2/16/2021,348,348,340,340,340,14364800,2/16/2021,6291.007813,6308.811035,6274.353027,6292.395996,6292.395996,144173700
2/17/2021,338,346,326,332,332,34191400,2/17/2021,6292.970215,6314.555176,6209.314941,6227.728027,6227.728027,169907100
2/18/2021,332,334,324,326,326,23346900,2/18/2021,6230.356934,6281.35791,6200.308105,6200.308105,6200.308105,167455200
2/19/2021,324,326,316,324,324,12050300,2/19/2021,6196.898926,6231.932129,6173.594238,6231.932129,6231.932129,133625600
2/22/2021,324,330,322,324,324,9297900,2/22/2021,6267.024902,6312.873047,6255.312012,6255.312012,6255.312012,145005700
2/23/2021,324,328,322,328,328,8420300,2/23/2021,6267.454102,6279.143066,6241.951172,6272.807129,6272.807129,126272800
2/24/2021,330,350,328,344,344,95596700,2/24/2021,6283.794922,6294.140137,6223.648926,6251.054199,6251.054199,152221800
2/25/2021,346,380,340,378,378,191988600,2/25/2021,6280.727051,6309.757813,6274.49707,6289.645996,6289.645996,237490100
2/26/2021,376,376,354,360,360,91837200,2/26/2021,6246.316895,6302.394043,6184.51709,6241.795898,6241.795898,219493200
3/1/2021,362,386,362,374,374,134141100,3/1/2021,6281.856934,6339.008789,6261.559082,6338.513184,6338.513184,173079500
3/2/2021,376,380,362,366,366,43527500,3/2/2021,6367.438965,6388.121094,6329.498047,6359.205078,6359.205078,180676700
3/3/2021,366,370,354,354,354,31875900,3/3/2021,6378.797852,6394.452148,6334.244141,6376.756836,6376.756836,242358700
3/4/2021,356,356,340,342,342,32461800,3/4/2021,6355.375977,6369.411133,6270.10791,6290.798828,6290.798828,238207200
3/5/2021,336,352,334,346,346,19071800,3/5/2021,6263.043945,6307.683105,6245.308105,6258.749023,6258.749023,153557700
3/8/2021,346,354,342,342,342,14679800,3/8/2021,6304,6325.515137,6239.049805,6248.464844,6248.464844,155718400
3/9/2021,348,348,330,338,338,18534300,3/9/2021,6258.669922,6267.423828,6167.717773,6199.646973,6199.646973,188106700
3/10/2021,338,348,336,348,348,15803900,3/10/2021,6233.616211,6276.158203,6225.455078,6264.679199,6264.679199,121957600
3/12/2021,348,352,340,346,346,17974700,3/12/2021,6316.880859,6364.356934,6298.522949,6358.208984,6358.208984,186241800
3/15/2021,346,376,346,370,370,128491600,3/15/2021,6374.762207,6387.73584,6324.258789,6324.258789,6324.258789,137895500
3/16/2021,374,376,364,368,368,52267500,3/16/2021,6347.188965,6355.411133,6296.896973,6309.699219,6309.699219,155061500
3/17/2021,368,382,364,378,378,81086900,3/17/2021,6318.068848,6321.336914,6268.838867,6277.228027,6277.228027,138044900
3/18/2021,380,386,372,372,372,40654400,3/18/2021,6309.575195,6358.425781,6307,6347.829102,6347.829102,149718200
3/19/2021,370,376,364,368,368,17389700,3/19/2021,6346.008789,6356.160156,6307.101074,6356.160156,6356.160156,162089200
3/22/2021,368,378,362,370,370,33158800,3/22/2021,6346.794922,6354.938965,6290.021973,6301.130859,6301.130859,128638500
3/23/2021,370,376,364,364,364,14985000,3/23/2021,6331.698242,6342.129883,6245.991211,6252.711914,6252.711914,173805000
3/24/2021,366,366,348,348,348,29963100,3/24/2021,6231.712891,6239.546875,6143.380859,6156.140137,6156.140137,138290000
3/25/2021,348,356,336,348,348,26480000,3/25/2021,6159.619141,6176.426758,6058.842773,6122.875977,6122.875977,147353000
3/26/2021,350,360,344,344,344,33788200,3/26/2021,6141.605957,6195.562012,6106.078125,6195.562012,6195.562012,124284100
3/29/2021,344,348,342,344,344,10435700,3/29/2021,6205.568848,6230.990234,6165.553223,6166.817871,6166.817871,114609800
3/30/2021,342,344,334,338,338,16517500,3/30/2021,6163.721191,6170.668945,6046.467773,6071.441895,6071.441895,118686600
3/31/2021,338,340,322,332,332,18602600,3/31/2021,6062.950195,6066.836914,5892.64502,5985.521973,5985.521973,123071400
4/1/2021,334,340,328,332,332,11511900,4/1/2021,5988.022949,6020.164063,5960.816895,6011.456055,6011.456055,106367400
4/5/2021,332,336,324,324,324,9915600,4/5/2021,6040.055176,6051.621094,5964.483887,5970.286133,5970.286133,122053600
4/6/2021,326,334,322,334,334,9811100,4/6/2021,5973.986816,6008.504883,5944.420898,6002.77002,6002.77002,126386100
4/7/2021,334,346,334,342,342,17039800,4/7/2021,6011.958008,6040.456055,5982.066895,6036.616211,6036.616211,141523800
4/8/2021,342,350,338,346,346,16651800,4/8/2021,6035.037109,6073.914063,6030.286133,6071.724121,6071.724121,169546400
4/9/2021,346,348,336,340,340,10441800,4/9/2021,6101.723145,6113.155762,6070.208984,6070.208984,6070.208984,161275600
4/12/2021,342,342,328,332,332,16228500,4/12/2021,6080.791992,6088.828125,5942.713867,5948.568848,5948.568848,130244200
4/13/2021,332,334,320,332,332,11800800,4/13/2021,5944.525879,5957.611816,5883.523926,5927.435059,5927.435059,107375400
4/14/2021,332,336,324,332,332,10961600,4/14/2021,5964.029785,6050.275879,5962.316895,6050.275879,6050.275879,141883200
4/15/2021,332,336,328,330,330,8236700,4/15/2021,6057.61084,6079.500977,6029.153809,6079.500977,6079.500977,132167700
4/16/2021,330,336,330,332,332,8314900,4/16/2021,6102.37793,6115.620117,6062.921875,6086.257813,6086.257813,158024500
4/19/2021,332,336,330,332,332,6120700,4/19/2021,6084.785156,6096.995117,6031.832031,6052.540039,6052.540039,159845500
4/20/2021,332,332,328,330,330,4192700,4/20/2021,6029.992188,6045.693848,5997.948242,6038.321777,6038.321777,106712400
4/21/2021,332,332,326,328,328,4586900,4/21/2021,6010.268066,6025.5,5989.983887,5993.242188,5993.242188,117327800
4/22/2021,330,332,326,328,328,6727800,4/22/2021,6004.793945,6024.937988,5980.455078,5994.184082,5994.184082,139778300
4/23/2021,328,328,324,324,324,5827600,4/23/2021,6000.912109,6027.059082,5973.24707,6016.86377,6016.86377,151530300
4/26/2021,324,330,324,326,326,5111500,4/26/2021,6018.339844,6027.75293,5955.618164,5964.820801,5964.820801,122797700
4/27/2021,326,336,324,326,326,5032300,4/27/2021,5986.996094,6003.917969,5950.868164,5959.621094,5959.621094,122928600
4/28/2021,326,328,324,324,324,3685600,4/28/2021,5959.951172,5981.895996,5953.942871,5974.479004,5974.479004,127681000
4/29/2021,324,330,324,328,328,3825900,4/29/2021,6005.798828,6019.024902,5987.743164,6012.960938,6012.960938,130962400
4/30/2021,328,330,322,324,324,6925900,4/30/2021,6026.527832,6033.899902,5985.021973,5995.616211,5995.616211,136841700
5/3/2021,330,330,322,324,324,4698100,5/3/2021,5999.661133,6004.007813,5938.875977,5952.597168,5952.597168,152015700
5/4/2021,324,326,322,324,324,3049800,5/4/2021,5955.39502,5974.682129,5932.317871,5963.819824,5963.819824,141538100
5/5/2021,324,326,324,326,326,2769700,5/5/2021,5974.560059,5992.932129,5971.309082,5975.911133,5975.911133,131241100
5/6/2021,326,328,324,324,324,5270800,5/6/2021,5987.065918,6005.087891,5950.899902,5970.240234,5970.240234,120448300
5/7/2021,324,326,320,320,320,4855900,5/7/2021,5987.330078,5994.330078,5922.493164,5928.309082,5928.309082,121835200
5/10/2021,320,322,312,320,320,7455900,5/10/2021,5942.105957,5985.37207,5941.926758,5975.787109,5975.787109,120144700
5/11/2021,322,326,322,324,324,7472400,5/11/2021,5965.852051,5966.664063,5911.375977,5938.351074,5938.351074,120811100
5/17/2021,326,338,320,320,320,26109200,5/17/2021,5950.137207,5958.792969,5817.707031,5833.859863,5833.859863,150604900
5/18/2021,320,324,316,320,320,8805400,5/18/2021,5836.083984,5855.666992,5782.776855,5834.394043,5834.394043,160329900
5/19/2021,322,322,316,316,316,5972500,5/19/2021,5817.13623,5828.210938,5752.256836,5760.583984,5760.583984,138298600
5/20/2021,316,322,316,320,320,6722400,5/20/2021,5759.629883,5814.779785,5751.34082,5797.597168,5797.597168,114025600
5/21/2021,320,320,314,316,316,9055700,5/21/2021,5824.109863,5838.229004,5742.038086,5773.120117,5773.120117,133703000
5/24/2021,316,316,294,294,294,30568700,5/24/2021,5793.066895,5805.152832,5759.339844,5763.631836,5763.631836,141371900
5/25/2021,282,294,274,274,274,37916100,5/25/2021,5772.937012,5848.554199,5769.287109,5815.839844,5815.839844,144613700
5/27/2021,274,284,260,280,280,23742100,5/27/2021,5850.501953,5904.837891,5841.828125,5841.828125,5841.828125,211859200
5/28/2021,282,284,266,272,272,20485400,5/28/2021,5875.270996,5891.472168,5833.342773,5848.616211,5848.616211,181542500
5/31/2021,270,276,260,264,264,17934000,5/31/2021,5869.217773,5947.462891,5860.536133,5947.462891,5947.462891,169049900
6/2/2021,260,272,260,268,268,20884600,6/2/2021,6002.480957,6031.578125,5991.506836,6031.578125,6031.578125,178537100
6/3/2021,270,286,270,274,274,38683100,6/3/2021,6038.856934,6091.513184,6005.63623,6091.513184,6091.513184,181262300
6/4/2021,300,300,256,256,256,85638600,6/4/2021,6091.129883,6103.858887,6043.856934,6065.166016,6065.166016,158659400
6/7/2021,250,256,240,240,240,45361800,6/7/2021,6075.506836,6088,6050.800781,6069.935059,6069.935059,200000700
6/8/2021,238,240,224,226,226,56905500,6/8/2021,6071.25,6075.88623,5992.118164,5999.369141,5999.369141,265159600
6/9/2021,226,240,224,240,240,47248500,6/9/2021,5973.036133,6047.475098,5972.449219,6047.475098,6047.475098,239289300
6/10/2021,240,250,240,242,242,31302900,6/10/2021,6065.925781,6111.445801,6064.933105,6107.538086,6107.538086,215823100
6/11/2021,244,248,238,244,244,9893600,6/11/2021,6118.379883,6134.881836,6084.23877,6095.49707,6095.49707,196526600
6/14/2021,244,246,230,232,232,28882500,6/14/2021,6110.796875,6124.87207,6071.725098,6080.383789,6080.383789,196186700
6/15/2021,232,236,224,230,230,11898200,6/15/2021,6085.36084,6091.367188,6051.245117,6089.038086,6089.038086,163564500
6/16/2021,230,230,226,226,226,12029800,6/16/2021,6071.438965,6114.096191,6049.575195,6078.567871,6078.567871,152950200
6/17/2021,226,230,220,222,222,20291700,6/17/2021,6063.537109,6082.291992,6034.827148,6068.446777,6068.446777,205095900
6/18/2021,222,222,222,222,222,0,6/18/2021,6065.519043,6070.416016,5944.053223,6007.120117,6007.120117,238006900
6/21/2021,222,222,222,222,222,0,6/21/2021,5959.964844,6021.494141,5884.917969,5996.25293,5996.25293,159997500
6/22/2021,222,222,222,222,222,0,6/22/2021,6006.665039,6118.861816,6006.665039,6087.841797,6087.841797,151167900
6/23/2021,222,222,222,222,222,0,6/23/2021,6095.89502,6130.096191,6034.542969,6034.542969,6034.542969,199578400
6/24/2021,222,222,222,222,222,0,6/24/2021,6052.080078,6060.48877,6003.196777,6012.056152,6012.056152,168548200
6/25/2021,222,222,222,222,222,0,6/25/2021,6027.220215,6067.791016,6019.404785,6022.398926,6022.398926,172441600
6/28/2021,222,222,222,222,222,0,6/28/2021,6015.278809,6030.890137,5939.471191,5939.471191,5939.471191,145849200
6/29/2021,222,222,222,222,222,0,6/29/2021,5944.242188,5992.86377,5913.59082,5949.049805,5949.049805,188801800
6/30/2021,222,222,222,222,222,0,6/30/2021,5950.433105,6011.256836,5950.423828,5985.48877,5985.48877,203167100
7/1/2021,222,222,222,222,222,0,7/1/2021,6001.121094,6039.03418,5969.099121,6005.958008,6005.958008,140966500
7/2/2021,222,222,222,222,222,0,7/2/2021,6020.074219,6043.432129,6014.871094,6023.007813,6023.007813,146766100
7/5/2021,222,222,222,222,222,0,7/5/2021,6024.165039,6036.979004,5985.354004,6005.608887,6005.608887,131732000
7/6/2021,222,222,222,222,222,0,7/6/2021,6015.581055,6054.60791,6013.062012,6047.11084,6047.11084,161021000
7/7/2021,222,222,222,222,222,0,7/7/2021,6062.769043,6066.994141,6022.305176,6044.037109,6044.037109,165513600
7/8/2021,222,222,222,222,222,0,7/8/2021,6052.804199,6080.222168,6028.60791,6039.895996,6039.895996,159513500
7/9/2021,222,222,222,222,222,0,7/9/2021,6037.003906,6060.541016,6026.547852,6039.844238,6039.844238,136425200
7/12/2021,222,222,222,222,222,0,7/12/2021,6060.054199,6097.120117,6055.98584,6078.567871,6078.567871,135385400
7/13/2021,222,222,222,222,222,0,7/13/2021,6097.229004,6114.286133,6004.821777,6012.032227,6012.032227,172635900
7/14/2021,222,222,222,222,222,0,7/14/2021,6008.241211,6013.041992,5947.618164,5979.214844,5979.214844,138499900
7/15/2021,222,222,222,222,222,0,7/15/2021,5986.649902,6046.753906,5982.804199,6046.753906,6046.753906,141035200
7/16/2021,222,222,222,222,222,0,7/16/2021,6063.421875,6079.13916,6051.757813,6072.509766,6072.509766,129367700
7/19/2021,222,222,222,222,222,0,7/19/2021,6062.96582,6063.646973,6015.148926,6017.394043,6017.394043,123010800
7/21/2021,222,222,222,222,222,0,7/21/2021,6034.571777,6053.192871,6020.86377,6029.976074,6029.976074,153050600
7/22/2021,222,222,222,222,222,0,7/22/2021,6057.541016,6137.546875,6057.541016,6137.546875,6137.546875,178417800
7/23/2021,222,222,222,222,222,0,7/23/2021,6145.76123,6166.305176,6090.603027,6101.689941,6101.689941,143269200
7/26/2021,222,222,222,222,222,0,7/26/2021,6109.030762,6137.045898,6091.015137,6106.394043,6106.394043,156210200
7/27/2021,222,222,222,222,222,0,7/27/2021,6120.929199,6144.584961,6068.512207,6097.048828,6097.048828,179173700
7/28/2021,222,222,222,222,222,0,7/28/2021,6094.541016,6116.504883,6074.867188,6088.522949,6088.522949,161217600
7/29/2021,222,222,222,222,222,0,7/29/2021,6106.611816,6135.349121,6096.50293,6120.727051,6120.727051,178890400
7/30/2021,222,222,222,222,222,0,7/30/2021,6136.368164,6160.462891,6069.839844,6070.039063,6070.039063,193641700
8/2/2021,222,222,222,222,222,0,8/2/2021,6098.007813,6112.829102,6048.101074,6096.542969,6096.542969,216299000
8/3/2021,222,222,222,222,222,0,8/3/2021,6107.996094,6142.515137,6105.109863,6130.570801,6130.570801,226801300
8/4/2021,222,222,222,222,222,0,8/4/2021,6142.475098,6163.814941,6112.720215,6159.035156,6159.035156,271201100
8/5/2021,222,222,222,222,222,0,8/5/2021,6174.60791,6218.645996,6173.574219,6205.416992,6205.416992,268332500
8/6/2021,222,222,222,222,222,0,8/6/2021,6223.833984,6263.539063,6190.856934,6203.431152,6203.431152,245459900
8/9/2021,222,222,222,222,222,0,8/9/2021,6203.74707,6239.015137,6110.546875,6127.456055,6127.456055,293622300
8/10/2021,222,222,222,222,222,0,8/10/2021,6139.339844,6147.765137,6042.475098,6088.408203,6088.408203,205029900
8/12/2021,222,222,222,222,222,0,8/12/2021,6092.245117,6139.808105,6051.852051,6139.651855,6139.651855,206955800
8/13/2021,222,222,222,222,222,0,8/13/2021,6154.051758,6179.895996,6113.263184,6139.492188,6139.492188,163739300
8/16/2021,222,222,222,222,222,0,8/16/2021,6144.942871,6147.304199,6056.736816,6087.913086,6087.913086,171745600
8/18/2021,222,222,222,222,222,0,8/18/2021,6109.561035,6136.282227,6040.603027,6118.149902,6118.149902,208983000
8/19/2021,222,222,222,222,222,0,8/19/2021,6110.549805,6111.012207,5958.043945,5992.321777,5992.321777,214361500
8/20/2021,222,222,222,222,222,0,8/20/2021,5988.757813,6030.771973,5938.407227,6030.771973,6030.771973,200995800
8/23/2021,222,222,222,222,222,0,8/23/2021,6037.700195,6109.828125,6037.700195,6109.828125,6109.828125,193786700
8/24/2021,222,222,222,222,222,0,8/24/2021,6114.666992,6138.49707,6053.573242,6089.49707,6089.49707,238973300
8/25/2021,222,222,222,222,222,0,8/25/2021,6094.14502,6131.910156,6093.095215,6113.240234,6113.240234,214295900
8/26/2021,222,222,222,222,222,0,8/26/2021,6107.040039,6119.657227,6034.049805,6058.080078,6058.080078,172987800
8/27/2021,222,222,222,222,222,0,8/27/2021,6052.827148,6066.491211,6021.954102,6041.366211,6041.366211,156989800
8/30/2021,222,222,222,222,222,0,8/30/2021,6062.112793,6144.901855,6062.112793,6144.901855,6144.901855,159300800
8/31/2021,222,222,222,222,222,0,8/31/2021,6148.768066,6158.069824,6117.50293,6150.298828,6150.298828,189133300
9/1/2021,222,222,222,222,222,0,9/1/2021,6157.820801,6169.056152,6089.23291,6090.933105,6090.933105,194563800
9/2/2021,222,222,222,222,222,0,9/2/2021,6092.650879,6110.049805,6054.280762,6078.229004,6078.229004,179403300
9/3/2021,222,222,222,222,222,0,9/3/2021,6085.62793,6126.920898,6056.186035,6126.920898,6126.920898,171489500
9/6/2021,222,222,222,222,222,0,9/6/2021,6137.125977,6150.35791,6100.931152,6126.937988,6126.937988,173887900
9/7/2021,222,222,222,222,222,0,9/7/2021,6135.870117,6145.48877,6100.943848,6112.399902,6112.399902,180693200
9/8/2021,222,222,222,222,222,0,9/8/2021,6114.477051,6123.755859,6001.579102,6026.02002,6026.02002,196394300
9/9/2021,222,222,222,222,222,0,9/9/2021,6024.316895,6072.643066,5982.766113,6068.219238,6068.219238,214651900
9/10/2021,222,222,222,222,222,0,9/10/2021,6059.154785,6102.831055,6047.608887,6094.873047,6094.873047,192886100
9/13/2021,222,222,222,222,222,0,9/13/2021,6080.062012,6094.987793,6052.970215,6088.157227,6088.157227,158870000
9/14/2021,222,222,222,222,222,0,9/14/2021,6100.628906,6130.862793,6099.158203,6129.095215,6129.095215,201683300
9/15/2021,222,222,222,222,222,0,9/15/2021,6123.910156,6125.333984,6100.003906,6110.229004,6110.229004,188698800
9/16/2021,222,222,222,222,222,0,9/16/2021,6126.555176,6137.668945,6098.876953,6109.941895,6109.941895,218872800
9/17/2021,222,222,222,222,222,0,9/17/2021,6098.87793,6133.246094,6086.083984,6133.246094,6133.246094,224719500
9/20/2021,222,222,222,222,222,0,9/20/2021,6132.03418,6133.170898,6053.932129,6076.314941,6076.314941,176619400
9/21/2021,222,222,222,222,222,0,9/21/2021,6049.792969,6068.792969,5996.407227,6060.756836,6060.756836,179600700
9/22/2021,222,222,222,222,222,0,9/22/2021,6060.305176,6123.741211,6059.62793,6108.265137,6108.265137,184349300
9/23/2021,222,222,222,222,222,0,9/23/2021,6117.643066,6148.146973,6117.576172,6142.711914,6142.711914,213294700
9/24/2021,222,222,222,222,222,0,9/24/2021,6142.287109,6163.883789,6119.137207,6144.814941,6144.814941,196295300
9/27/2021,222,222,222,222,222,0,9/27/2021,6141.470215,6163.279785,6109.666016,6122.495117,6122.495117,206632900
9/28/2021,222,222,222,222,222,0,9/28/2021,6128.058105,6137.954102,6097.722168,6113.111816,6113.111816,272570100
9/29/2021,222,222,222,222,222,0,9/29/2021,6100.826172,6162.554199,6086.263184,6162.554199,6162.554199,230726900
9/30/2021,222,222,222,222,222,0,9/30/2021,6175.416016,6286.942871,6174.182129,6286.942871,6286.942871,202745700
10/1/2021,222,222,222,222,222,0,10/1/2021,6269.237793,6272.064941,6202.905762,6228.845215,6228.845215,190252600
10/4/2021,222,222,222,222,222,0,10/4/2021,6234.798828,6342.686035,6234.798828,6342.686035,6342.686035,257881700
10/5/2021,222,222,222,222,222,0,10/5/2021,6337.326172,6361.453125,6277.700195,6288.048828,6288.048828,268318400
10/6/2021,222,222,222,222,222,0,10/6/2021,6313.652832,6441.503906,6307.108887,6417.323242,6417.323242,231440600
10/7/2021,222,222,222,222,222,0,10/7/2021,6414.912109,6458.638184,6392.727051,6416.395996,6416.395996,183232100
10/8/2021,222,222,222,222,222,0,10/8/2021,6440,6497.655762,6436.51709,6481.769043,6481.769043,231302300
10/11/2021,222,222,222,222,222,0,10/11/2021,6482.957031,6506.091797,6451.678223,6459.696777,6459.696777,204779900
10/12/2021,222,222,222,222,222,0,10/12/2021,6462.314941,6504.013184,6460.086914,6486.26709,6486.26709,204607300
10/13/2021,222,222,222,222,222,0,10/13/2021,6502.157227,6600.518066,6492.655762,6536.903809,6536.903809,193450700
10/14/2021,222,222,222,222,222,0,10/14/2021,6552.210938,6637.399902,6552.210938,6626.11377,6626.11377,178191500
10/15/2021,222,222,222,222,222,0,10/15/2021,6645.259766,6680.008789,6573.342773,6633.337891,6633.337891,160148800
10/18/2021,222,222,222,222,222,0,10/18/2021,6649.280762,6684.818848,6620.845215,6658.768066,6658.768066,188565300
10/19/2021,222,222,222,222,222,0,10/19/2021,6665.719238,6677.597168,6613.88916,6655.998047,6655.998047,188504800
10/21/2021,222,222,222,222,222,0,10/21/2021,6670.272949,6687.133789,6602.065918,6632.972168,6632.972168,215065000
10/22/2021,222,222,222,222,222,0,10/22/2021,6620.65918,6655.442871,6585.557129,6643.737793,6643.737793,165782200
10/25/2021,222,222,222,222,222,0,10/25/2021,6626.367188,6673.515137,6625.696777,6625.696777,6625.696777,175632400
10/26/2021,222,222,222,222,222,0,10/26/2021,6640.051758,6680.117188,6638.027832,6656.937012,6656.937012,180194900
10/27/2021,222,222,222,222,222,0,10/27/2021,6664.373047,6670.809082,6590.504883,6602.208984,6602.208984,182503600
10/28/2021,222,222,222,222,222,0,10/28/2021,6578.583008,6600.24707,6509.87793,6524.076172,6524.076172,189347200
10/29/2021,222,222,222,222,222,0,10/29/2021,6561.712891,6596.769043,6551.539063,6591.346191,6591.346191,171512200
11/1/2021,222,222,222,222,222,0,11/1/2021,6618.12207,6627.851074,6552.88916,6552.88916,6552.88916,182528900
11/2/2021,222,222,222,222,222,0,11/2/2021,6557.944824,6573.693848,6480.009766,6493.274902,6493.274902,165299300
11/3/2021,222,222,222,222,222,0,11/3/2021,6497.865234,6561.810059,6485.250977,6552.129883,6552.129883,171604200
11/4/2021,222,222,222,222,222,0,11/4/2021,6588.188965,6617.861816,6583.169922,6586.442871,6586.442871,155291000
11/5/2021,222,222,222,222,222,0,11/5/2021,6600.722168,6608.424805,6550.117188,6581.785156,6581.785156,154117700
11/8/2021,222,222,222,222,222,0,11/8/2021,6599.404785,6637.01123,6592.055176,6632.296875,6632.296875,167444200
11/9/2021,222,222,222,222,222,0,11/9/2021,6640.221191,6669.924805,6633.208008,6669.924805,6669.924805,192392200
11/10/2021,222,222,222,222,222,0,11/10/2021,6665.548828,6683.14502,6651.797852,6683.14502,6683.14502,153422900
11/11/2021,222,222,222,222,222,0,11/11/2021,6694.583008,6704.463867,6671.227051,6691.341797,6691.341797,209193300
11/12/2021,222,222,222,222,222,0,11/12/2021,6710.853027,6714.158203,6646.315918,6651.054199,6651.054199,198646700
11/15/2021,222,222,222,222,222,0,11/15/2021,6661.849121,6675.595215,6610.823242,6616.028809,6616.028809,203267300
11/16/2021,222,222,222,222,222,0,11/16/2021,6598.408203,6654.515137,6592.228027,6651.207031,6651.207031,207039500
11/17/2021,222,222,222,222,222,0,11/17/2021,6667.861816,6679.304199,6650.494141,6675.804199,6675.804199,217158400
11/18/2021,222,222,222,222,222,0,11/18/2021,6653.700195,6669.786133,6621.692871,6636.469238,6636.469238,248016700
11/19/2021,222,222,222,222,222,0,11/19/2021,6651.778809,6720.987793,6651.778809,6720.263184,6720.263184,258781800
11/22/2021,222,222,222,222,222,0,11/22/2021,6731.515137,6754.463867,6690.817871,6723.38623,6723.38623,218097200
11/23/2021,222,222,222,222,222,0,11/23/2021,6716.157227,6732.897949,6662.538086,6677.875977,6677.875977,186336800
11/24/2021,222,222,222,222,222,0,11/24/2021,6697.423828,6698.414063,6668.054199,6683.276855,6683.276855,224587000
11/25/2021,222,222,222,222,222,0,11/25/2021,6694.957031,6751.001953,6694.796875,6699.346191,6699.346191,215655400
11/26/2021,222,222,222,222,222,0,11/26/2021,6688.568848,6691.711914,6544.895996,6561.553223,6561.553223,242523500
11/29/2021,222,222,222,222,222,0,11/29/2021,6552.803223,6617.287109,6487.748047,6608.290039,6608.290039,0
11/30/2021,222,222,222,222,222,0,11/30/2021,6605.796875,6647.477051,6533.932129,6533.932129,6533.932129,216798600
12/1/2021,222,222,222,222,222,0,12/1/2021,6544.51709,6593.074219,6494.49707,6507.676758,6507.676758,195068500
12/2/2021,222,222,222,222,222,0,12/2/2021,6517.338867,6586.895996,6484.578125,6583.819824,6583.819824,210837500
12/3/2021,222,222,222,222,222,0,12/3/2021,6588.01416,6600.165039,6536.907227,6538.505859,6538.505859,172625500
12/6/2021,222,222,222,222,222,0,12/6/2021,6552.815918,6585.263184,6525.984863,6547.116211,6547.116211,180052400
12/7/2021,222,222,222,222,222,0,12/7/2021,6575.976074,6608.633789,6573.109863,6602.568848,6602.568848,212352000
12/8/2021,222,222,222,222,222,0,12/8/2021,6618.754883,6632.940918,6584.969238,6603.797852,6603.797852,216901600
12/9/2021,222,222,222,222,222,0,12/9/2021,6617.132813,6643.932129,6602.876953,6643.932129,6643.932129,240218200
12/10/2021,222,222,222,222,222,0,12/10/2021,6618.686035,6652.921875,6605.416016,6652.921875,6652.921875,229170800
12/13/2021,222,222,222,222,222,0,12/13/2021,6663.73877,6688.378906,6659.166992,6662.871094,6662.871094,232086300
12/14/2021,222,222,222,222,222,0,12/14/2021,6665.382813,6671.312988,6598.694824,6615.637207,6615.637207,187591100
12/15/2021,222,222,222,222,222,0,12/15/2021,6615.724121,6662.839844,6610.452148,6626.256836,6626.256836,196016500
12/16/2021,222,222,222,222,222,0,12/16/2021,6648.288086,6661.944824,6579.36377,6594.797852,6594.797852,185929900
12/17/2021,222,222,222,222,222,0,12/17/2021,6584.887207,6609.044922,6559.303223,6601.932129,6601.932129,210214300
12/20/2021,222,222,222,222,222,0,12/20/2021,6571.345215,6579.128906,6533.522949,6547.111816,6547.111816,181341400
12/21/2021,222,222,222,222,222,0,12/21/2021,6545.537109,6579.89209,6531.564941,6554.309082,6554.309082,186470700
12/22/2021,222,222,222,222,222,0,12/22/2021,6572.535156,6592.166992,6529.592773,6529.592773,6529.592773,187213900
12/23/2021,222,222,222,222,222,0,12/23/2021,6537.599121,6570.287109,6531.777832,6555.550781,6555.550781,209975800
12/24/2021,222,222,222,222,222,0,12/24/2021,6559.088867,6583.859863,6554.97998,6562.899902,6562.899902,176357600
12/27/2021,222,222,222,222,222,0,12/27/2021,6570.558105,6588.425781,6562.554199,6575.443848,6575.443848,179010000
12/28/2021,222,222,222,222,222,0,12/28/2021,6588.133789,6615.945801,6586.52002,6598.342773,6598.342773,191799500
12/29/2021,222,222,222,222,222,0,12/29/2021,6603.755859,6621.579102,6585.395996,6600.676758,6600.676758,200549500
12/30/2021,222,222,222,222,222,0,12/30/2021,6609.442871,6613.728027,6581.481934,6581.481934,6581.481934,192017600
1/3/2022,222,222,222,222,222,0,1/3/2022,6586.259766,6677.199219,6586.132813,6665.308105,6665.308105,182552700
1/4/2022,222,222,222,222,222,0,1/4/2022,6675.129883,6720.657227,6675.129883,6695.373047,6695.373047,185900100
1/5/2022,222,222,222,222,222,0,1/5/2022,6703.171875,6738.109863,6634.838867,6662.298828,6662.298828,179080500
1/6/2022,222,222,222,222,222,0,1/6/2022,6674.852051,6679.851074,6593.229004,6653.351074,6653.351074,179990500
1/7/2022,222,222,222,222,222,0,1/7/2022,6669.51123,6712.146973,6647.712891,6701.315918,6701.315918,157064700
1/10/2022,222,222,222,222,222,0,1/10/2022,6697.375977,6725.023926,6689.282227,6691.124023,6691.124023,159382400
1/11/2022,222,222,222,222,222,0,1/11/2022,6705.795898,6727.76709,6636.500977,6647.970215,6647.970215,181053500
1/12/2022,222,222,222,222,222,0,1/12/2022,6662.39502,6690.323242,6625.756836,6647.064941,6647.064941,192900600
1/13/2022,222,222,222,222,222,0,1/13/2022,6659.973145,6667.940918,6626.338867,6658.355957,6658.355957,180765500
1/14/2022,222,222,222,222,222,0,1/14/2022,6653.645996,6699.413086,6631.045898,6693.400879,6693.400879,140467300
1/17/2022,222,222,222,222,222,0,1/17/2022,6711.405762,6711.821777,6625.862793,6645.047852,6645.047852,148626000
1/18/2022,222,222,222,222,222,0,1/18/2022,6654.958984,6667.404785,6534.27002,6614.059082,6614.059082,172778900
1/19/2022,222,222,222,222,222,0,1/19/2022,6609.832031,6615.451172,6575.380859,6591.980957,6591.980957,171354300
1/20/2022,222,222,222,222,222,0,1/20/2022,6607.798828,6637.207031,6587.765137,6626.871094,6626.871094,158271000
1/21/2022,222,222,222,222,222,0,1/21/2022,6626.348145,6726.373047,6607.417969,6726.373047,6726.373047,154628300
1/24/2022,222,222,222,222,222,0,1/24/2022,6700.821777,6712.262207,6645.40918,6655.166016,6655.166016,176239200
1/25/2022,222,222,222,222,222,0,1/25/2022,6630.87793,6632.953125,6523.929199,6568.172852,6568.172852,213235100
1/26/2022,222,222,222,222,222,0,1/26/2022,6569.817871,6601.336914,6549.520996,6600.818848,6600.818848,226349800
1/27/2022,222,222,222,222,222,0,1/27/2022,6586.854004,6627.405762,6570.75,6611.161133,6611.161133,177817500
1/28/2022,222,222,222,222,222,0,1/28/2022,6618.717773,6645.51123,6603.491211,6645.51123,6645.51123,192680600
1/31/2022,222,222,222,222,222,0,1/31/2022,6656.707031,6669.911133,6626.655762,6631.150879,6631.150879,182548300
2/2/2022,222,222,222,222,222,0,2/2/2022,6657.791992,6716.597168,6650.303223,6707.651855,6707.651855,214830000
2/3/2022,222,222,222,222,222,0,2/3/2022,6724.398926,6730.598145,6648.078125,6683.851074,6683.851074,202406000
2/4/2022,222,222,222,222,222,0,2/4/2022,6697.942871,6731.391113,6685.403809,6731.391113,6731.391113,177332600
2/7/2022,222,222,222,222,222,0,2/7/2022,6751.349121,6806.72998,6748.90918,6804.937012,6804.937012,225856300
2/8/2022,222,222,222,222,222,0,2/8/2022,6813.184082,6860.75,6780.416992,6789.521973,6789.521973,255862800
2/9/2022,222,222,222,222,222,0,2/9/2022,6811.753906,6840.394043,6796.632813,6834.605957,6834.605957,253458500
2/10/2022,222,222,222,222,222,0,2/10/2022,6859.333984,6874.351074,6814.210938,6823.64209,6823.64209,279507200
2/11/2022,222,222,222,222,222,0,2/11/2022,6813.60791,6825.062012,6773.537109,6815.606934,6815.606934,223574800
2/14/2022,222,222,222,222,222,0,2/14/2022,6791.315918,6796.711914,6698.508789,6734.48584,6734.48584,202907800
2/15/2022,222,222,222,222,222,0,2/15/2022,6746.358887,6807.49707,6727.358887,6807.49707,6807.49707,210390400
2/16/2022,222,222,222,222,222,0,2/16/2022,6821.925781,6857.649902,6821.158203,6850.198242,6850.198242,216253600
2/17/2022,222,222,222,222,222,0,2/17/2022,6836.183105,6859.706055,6790.59082,6835.117188,6835.117188,229539500
2/18/2022,222,222,222,222,222,0,2/18/2022,6837.519043,6899.410156,6812.355957,6892.817871,6892.817871,233754300
2/21/2022,222,222,222,222,222,0,2/21/2022,6896.751953,6927.90918,6886.132813,6902.964844,6902.964844,231576400
2/22/2022,222,222,222,222,222,0,2/22/2022,6879.818848,6903.996094,6823.944824,6861.994141,6861.994141,196218500
2/23/2022,222,222,222,222,222,0,2/23/2022,6878.625,6920.056152,6873.813965,6920.056152,6920.056152,204842700
2/24/2022,222,222,222,222,222,0,2/24/2022,6912.477051,6929.911133,6758.86084,6817.819824,6817.819824,282680700
2/25/2022,222,222,222,222,222,0,2/25/2022,6825.371094,6904.910156,6822.244141,6888.170898,6888.170898,211896500
3/1/2022,222,222,222,222,222,0,3/1/2022,6964.696777,6996.935059,6915.976074,6921.440918,6921.440918,196006400
3/2/2022,222,222,222,222,222,0,3/2/2022,6956.618164,6973.35791,6861.958984,6868.401855,6868.401855,325795100
3/4/2022,222,222,222,222,222,0,3/4/2022,6921.315918,6936.98877,6895.730957,6928.328125,6928.328125,247492300
3/7/2022,222,222,222,222,222,0,3/7/2022,6905.324219,6917.933105,6843.812012,6869.065918,6869.065918,261271800
3/8/2022,222,222,222,222,222,0,3/8/2022,6895.630859,6929.862793,6814.183105,6814.183105,6814.183105,246218500
3/9/2022,222,222,222,222,222,0,3/9/2022,6836.671875,6888.930176,6824.09082,6864.440918,6864.440918,209971800
3/10/2022,222,222,222,222,222,0,3/10/2022,6897.174805,6924.007813,6837.725098,6924.007813,6924.007813,194071700
3/11/2022,222,222,222,222,222,0,3/11/2022,6872.631836,6922.602051,6853.85791,6922.602051,6922.602051,174120300
3/14/2022,222,222,222,222,222,0,3/14/2022,6949.206055,6969.993164,6918.312988,6952.204102,6952.204102,193318000
3/15/2022,222,222,222,222,222,0,3/15/2022,6968.349121,6996.320801,6894.920898,6918.185059,6918.185059,189709300
3/16/2022,222,222,222,222,222,0,3/16/2022,6951.352051,6992.39502,6946.842773,6992.39502,6992.39502,171297500
3/17/2022,222,222,222,222,222,0,3/17/2022,7016.532227,7032.702148,6949.166016,6964.384766,6964.384766,197411300
3/18/2022,222,222,222,222,222,0,3/18/2022,6981.262207,7000.587891,6926.414063,6954.964844,6954.964844,198102900
3/21/2022,222,222,222,222,222,0,3/21/2022,6945.893066,6974.153809,6929.934082,6955.181152,6955.181152,216686100
3/22/2022,222,222,222,222,222,0,3/22/2022,6974.977051,7003.259766,6968.201172,7000.821777,7000.821777,188258200
3/23/2022,222,222,222,222,222,0,3/23/2022,7010.838867,7022.043945,6976.15918,6996.115234,6996.115234,214242900
3/24/2022,222,222,222,222,222,0,3/24/2022,6986.183105,7049.685059,6977.833984,7049.685059,7049.685059,264967400
3/25/2022,222,222,222,222,222,0,3/25/2022,7050.553223,7055.34082,6978.398926,7002.532227,7002.532227,201857500
3/28/2022,222,222,222,222,222,0,3/28/2022,6996.317871,7051.541016,6987.223145,7049.603027,7049.603027,174012100
3/29/2022,222,222,222,222,222,0,3/29/2022,7052.734863,7072.777832,7007.910156,7011.688965,7011.688965,185204100
3/30/2022,222,222,222,222,222,0,3/30/2022,7037.202148,7055.866211,7022.651855,7053.189941,7053.189941,194572800
3/31/2022,222,222,222,222,222,0,3/31/2022,7070.76123,7099.49707,7049.810059,7071.441895,7071.441895,178707400
4/1/2022,222,222,222,222,222,0,4/1/2022,7093.699219,7099.301758,7040.491211,7078.759766,7078.759766,157645900
4/4/2022,222,222,222,222,222,0,4/4/2022,7082.24707,7116.217773,7060.213867,7116.217773,7116.217773,173611100
4/5/2022,222,222,222,222,222,0,4/5/2022,7122.914063,7148.298828,7110.11084,7148.298828,7148.298828,184230300
4/6/2022,222,222,222,222,222,0,4/6/2022,7128.412109,7147.992188,7090.224121,7104.21582,7104.21582,216736400
4/7/2022,222,222,222,222,222,0,4/7/2022,7115.086914,7145.167969,7097.903809,7127.367188,7127.367188,204797800
4/8/2022,222,222,222,222,222,0,4/8/2022,7157.309082,7216.494141,7151.258789,7210.834961,7210.834961,207396700
4/11/2022,222,222,222,222,222,0,4/11/2022,7212.00293,7355.299805,7194.60791,7203.793945,7203.793945,334575500
4/12/2022,222,222,222,222,222,0,4/12/2022,7205.077148,7320.236816,7146.585938,7214.780762,7214.780762,253923400
4/13/2022,222,222,222,222,222,0,4/13/2022,7240.188965,7266.398926,7212.85791,7262.776855,7262.776855,245926100
4/14/2022,222,222,222,222,222,0,4/14/2022,7265.319824,7282.905762,7234.333008,7235.532227,7235.532227,238683900
4/18/2022,222,222,222,222,222,0,4/18/2022,7245.503906,7277.075195,7243.36084,7275.289063,7275.289063,210765700
4/19/2022,222,222,222,222,222,0,4/19/2022,7283.416992,7297.394043,7199.231934,7199.231934,7199.231934,214778100
4/20/2022,222,222,222,222,222,0,4/20/2022,7226.87207,7262.558105,7184.964844,7227.361816,7227.361816,266258400
4/21/2022,222,222,222,222,222,0,4/21/2022,7249.49707,7294.671875,7245.726074,7276.192871,7276.192871,177135800
4/22/2022,222,222,222,222,222,0,4/22/2022,7251.980957,7291.47998,7174.810059,7225.605957,7225.605957,249844600
4/25/2022,222,222,222,222,222,0,4/25/2022,7204.161133,7234.314941,7121.859863,7215.979004,7215.979004,212314600
4/26/2022,222,222,222,222,222,0,4/26/2022,7208.922852,7247.475098,7161.65918,7232.152832,7232.152832,197362000
4/27/2022,222,222,222,222,222,0,4/27/2022,7211.710938,7226.019043,7175.066895,7196.76416,7196.76416,201981800
4/28/2022,222,222,222,222,222,0,4/28/2022,7260.27002,7267.111816,7204.599121,7228.914063,7228.914063,194334400
5/9/2022,222,222,222,222,222,0,5/9/2022,7154.916992,7156.483887,6896.999023,6909.750977,6909.750977,212774700
5/10/2022,222,222,222,222,222,0,5/10/2022,6747.562988,6832.098145,6662.611816,6819.793945,6819.793945,193141700
5/11/2022,222,222,222,222,222,0,5/11/2022,6833.193848,6902.21582,6796.295898,6816.203125,6816.203125,0
5/12/2022,222,222,222,222,222,0,5/12/2022,6802.328125,6802.328125,6576.309082,6599.839844,6599.839844,194742800
5/13/2022,222,222,222,222,222,0,5/13/2022,6586.577148,6633.01416,6509.878906,6597.993164,6597.993164,177689000
5/17/2022,222,222,222,222,222,0,5/17/2022,6603.893066,6703.050781,6574.13623,6644.466797,6644.466797,195947200
5/18/2022,222,222,222,222,222,0,5/18/2022,6676.394043,6804.907227,6648.940918,6793.414063,6793.414063,192322000
5/19/2022,222,222,222,222,222,0,5/19/2022,6719.756836,6851.717773,6620.684082,6823.334961,6823.334961,234684500
5/20/2022,222,222,222,222,222,0,5/20/2022,6839.016113,6965.105957,6804.907227,6918.144043,6918.144043,193153300
5/23/2022,222,222,222,222,222,0,5/23/2022,6930.938965,6972.180176,6802.712891,6840.774902,6840.774902,181821900
5/24/2022,222,222,222,222,222,0,5/24/2022,6859.222168,6941.666992,6822.140137,6914.141113,6914.141113,197751100
5/25/2022,222,222,222,222,222,0,5/25/2022,6914.64502,6944.48291,6858.695801,6883.503906,6883.503906,173878500
5/27/2022,222,222,222,222,222,0,5/27/2022,6948.226074,7032.821777,6938.292969,7026.255859,7026.255859,196905500
5/30/2022,222,222,222,222,222,0,5/30/2022,7052.172852,7069.250977,6974.616211,7037.564941,7037.564941,201457000
5/31/2022,222,222,222,222,222,0,5/31/2022,7064.226074,7148.970215,7033.755859,7148.970215,7148.970215,279640300
6/2/2022,222,222,222,222,222,0,6/2/2022,7130.601074,7209.079102,7117.979004,7148.723145,7148.723145,227362900
6/3/2022,222,222,222,222,222,0,6/3/2022,7176.682129,7233.995117,7170.692871,7182.960938,7182.960938,240581300
6/6/2022,222,222,222,222,222,0,6/6/2022,7163.173828,7194.536133,7056.174805,7096.582031,7096.582031,231204100
6/7/2022,222,222,222,222,222,0,6/7/2022,7101.312988,7192.542969,7062.96582,7141.044922,7141.044922,275161800
6/8/2022,222,222,222,222,222,0,6/8/2022,7133.49707,7220.084961,7102.861816,7193.313965,7193.313965,260589300
6/9/2022,222,222,222,222,222,0,6/9/2022,7186.89209,7257.99707,7174.819824,7182.830078,7182.830078,270045800
6/10/2022,222,222,222,222,222,0,6/10/2022,7143.241211,7160.116211,7051.223145,7086.647949,7086.647949,244570500
6/13/2022,222,222,222,222,222,0,6/13/2022,6992.22998,6996.713867,6924.952148,6995.441895,6995.441895,262879000
6/14/2022,222,222,222,222,222,0,6/14/2022,6949.647949,7049.881836,6932.713867,7049.881836,7049.881836,234982700
6/15/2022,222,222,222,222,222,0,6/15/2022,7031.199219,7086.381836,6966.026855,7007.049805,7007.049805,274136800
6/16/2022,222,222,222,222,222,0,6/16/2022,7063.077148,7138.496094,7025.931152,7050.326172,7050.326172,268578900
6/17/2022,222,222,222,222,222,0,6/17/2022,6987.751953,6999.539063,6882.644043,6936.966797,6936.966797,281566500
6/20/2022,222,222,222,222,222,0,6/20/2022,6937.007813,6976.376953,6859.599121,6976.376953,6976.376953,270432200
6/21/2022,222,222,222,222,222,0,6/21/2022,6976.335938,7049.90918,6967.623047,7044.070801,7044.070801,235393100
6/22/2022,222,222,222,222,222,0,6/22/2022,7044.11084,7063.258789,6968.296875,6984.311035,6984.311035,214189700
6/23/2022,222,222,222,222,222,0,6/23/2022,6984.311035,7010.272949,6920.734863,6998.26709,6998.26709,212119400
6/24/2022,222,222,222,222,222,0,6/24/2022,6998.348145,7067.74707,6997.919922,7042.937012,7042.937012,201464700
6/27/2022,222,222,222,222,222,0,6/27/2022,7043.018066,7070.519043,6973.658203,7016.055176,7016.055176,181378000
6/28/2022,222,222,222,222,222,0,6/28/2022,7016.13623,7016.916992,6960.071777,6996.456055,6996.456055,172583900
6/29/2022,222,222,222,222,222,0,6/29/2022,6996.456055,7016.056152,6942.351074,6942.351074,6942.351074,164738900
6/30/2022,222,222,222,222,222,0,6/30/2022,6942.351074,6990.861816,6897.675781,6911.582031,6911.582031,164820700
7/1/2022,222,222,222,222,222,0,7/1/2022,6911.582031,6940.97998,6777.316895,6794.328125,6794.328125,157368000
7/4/2022,222,222,222,222,222,0,7/4/2022,6794.368164,6796.519043,6559.637207,6639.171875,6639.171875,172853700
7/5/2022,222,222,222,222,222,0,7/5/2022,6639.211914,6767.829102,6639.211914,6703.266113,6703.266113,181055000
7/6/2022,222,222,222,222,222,0,7/6/2022,6703.266113,6709.921875,6602.896973,6646.410156,6646.410156,140628200
7/7/2022,222,222,222,222,222,0,7/7/2022,6646.410156,6682.666992,6632.387207,6652.586914,6652.586914,157996000
7/8/2022,222,222,222,222,222,0,7/8/2022,6652.666992,6740.219238,6652.666992,6740.219238,6740.219238,157598800
7/11/2022,222,222,222,222,222,0,7/11/2022,6740.019043,6757.086914,6690.616211,6722.14502,6722.14502,163555700
7/12/2022,222,222,222,222,222,0,7/12/2022,6722.185059,6745.425781,6708.175781,6718.293945,6718.293945,184326800
7/13/2022,222,222,222,222,222,0,7/13/2022,6718.293945,6727.922852,6636.048828,6640.990234,6640.990234,169282000
7/14/2022,222,222,222,222,222,0,7/14/2022,6640.990234,6700.053223,6607.702148,6690.086914,6690.086914,131271000
7/15/2022,222,222,222,222,222,0,7/15/2022,6690.086914,6716.956055,6645.902832,6651.904785,6651.904785,145685800
7/18/2022,222,222,222,222,222,0,7/18/2022,6652.064941,6702.074219,6611.925781,6659.25293,6659.25293,143740000
7/19/2022,222,222,222,222,222,0,7/19/2022,6659.292969,6740.075195,6626.254883,6736.091797,6736.091797,170776400
7/20/2022,222,222,222,222,222,0,7/20/2022,6736.171875,6880.756836,6736.063965,6874.743164,6874.743164,182468200
7/21/2022,222,222,222,222,222,0,7/21/2022,6874.783203,6893.375977,6809.71582,6864.130859,6864.130859,156437900
7/22/2022,222,222,222,222,222,0,7/22/2022,6864.130859,6901.720215,6850.48877,6886.961914,6886.961914,199589800
7/25/2022,222,222,222,222,222,0,7/25/2022,6887.041992,6908.191895,6858.407227,6858.407227,6858.407227,210616100
7/26/2022,222,222,222,222,222,0,7/26/2022,6858.446777,6899.929199,6857.800781,6871.537109,6871.537109,320241300
7/27/2022,222,222,222,222,222,0,7/27/2022,6871.49707,6911.899902,6861.446777,6898.21582,6898.21582,276772700
7/28/2022,222,222,222,222,222,0,7/28/2022,6898.295898,6984.532227,6898.295898,6956.816895,6956.816895,287336500
7/29/2022,222,222,222,222,222,0,7/29/2022,6956.896973,7032.353027,6951.123047,6951.123047,6951.123047,292504000
8/1/2022,222,222,222,222,222,0,8/1/2022,6951.123047,7005.292969,6949.634766,6968.783203,6968.783203,238507600
8/2/2022,222,222,222,222,222,0,8/2/2022,6968.783203,6991.39209,6902.629883,6988.157227,6988.157227,216232400
8/3/2022,222,222,222,222,222,0,8/3/2022,6988.157227,7046.634766,6971.73584,7046.634766,7046.634766,225842100
8/4/2022,222,222,222,222,222,0,8/4/2022,7046.634766,7075.560059,7025.054199,7057.348145,7057.348145,248154300
8/5/2022,222,222,222,222,222,0,8/5/2022,7057.348145,7090.76709,7045.981934,7084.654785,7084.654785,173887000
8/8/2022,222,222,222,222,222,0,8/8/2022,7084.654785,7100.808105,7050.824219,7086.849121,7086.849121,219012400
8/9/2022,222,222,222,222,222,0,8/9/2022,7086.849121,7144.202148,7086.849121,7102.879883,7102.879883,263201500
8/10/2022,222,222,222,222,222,0,8/10/2022,7102.879883,7104.03418,7021.672852,7086.23584,7086.23584,200438400
8/11/2022,222,222,222,222,222,0,8/11/2022,7086.275879,7181.100098,7086.275879,7160.384766,7160.384766,246280600
8/12/2022,222,222,222,222,222,0,8/12/2022,7160.384766,7164.669922,7113.579102,7129.276855,7129.276855,240074700
8/15/2022,222,222,222,222,222,0,8/15/2022,7129.276855,7156.919922,7081.304199,7093.275879,7093.275879,228243500
8/16/2022,222,222,222,222,222,0,8/16/2022,7093.275879,7147.970215,7080.75293,7133.453125,7133.453125,231209400
8/18/2022,222,222,222,222,222,0,8/18/2022,7133.453125,7186.558105,7125.394043,7186.558105,7186.558105,239294800
8/19/2022,222,222,222,222,222,0,8/19/2022,7186.598145,7230.11084,7172.434082,7172.434082,7172.434082,232876500
8/22/2022,222,222,222,222,222,0,8/22/2022,7172.434082,7174.283203,7064.500977,7107.98291,7107.98291,204493100
8/23/2022,222,222,222,222,222,0,8/23/2022,7107.862793,7183.258789,7106.834961,7163.265137,7163.265137,260557700
8/24/2022,222,222,222,222,222,0,8/24/2022,7163.305176,7204.419922,7154.644043,7194.706055,7194.706055,221550000
8/25/2022,222,222,222,222,222,0,8/25/2022,7194.706055,7210.163086,7146.312012,7174.208008,7174.208008,280881500
8/26/2022,222,222,222,222,222,0,8/26/2022,7174.288086,7194.081055,7135.248047,7135.248047,7135.248047,273878800
8/29/2022,222,222,222,222,222,0,8/29/2022,7135.087891,7135.087891,7015.347168,7132.044922,7132.044922,256806700
8/30/2022,222,222,222,222,222,0,8/30/2022,7132.084961,7223.125977,7131.616211,7159.473145,7159.473145,308273200
8/31/2022,222,222,222,222,222,0,8/31/2022,7159.513184,7178.589844,7073.222168,7178.589844,7178.589844,256857200
9/1/2022,222,222,222,222,222,0,9/1/2022,7178.589844,7197.056152,7135.024902,7153.104004,7153.104004,252393900
9/2/2022,222,222,222,222,222,0,9/2/2022,7153.104004,7207.615234,7146.811035,7177.179199,7177.179199,284827600
9/5/2022,222,222,222,222,222,0,9/5/2022,7177.13916,7245.400879,7147.976074,7231.882813,7231.882813,309176400
9/6/2022,222,222,222,222,222,0,9/6/2022,7231.922852,7287.700195,7230.792969,7233.154785,7233.154785,346421400
9/7/2022,222,222,222,222,222,0,9/7/2022,7233.154785,7243.522949,7166.625977,7186.756836,7186.756836,328200100
9/8/2022,222,222,222,222,222,0,9/8/2022,7186.756836,7277.883789,7186.563965,7232.01709,7232.01709,277671500
9/9/2022,222,222,222,222,222,0,9/9/2022,7232.057129,7270.296875,7206.37207,7242.655762,7242.655762,273581100
9/12/2022,222,222,222,222,222,0,9/12/2022,7242.695801,7276.419922,7218.463867,7254.463867,7254.463867,300778400
9/13/2022,222,222,222,222,222,0,9/13/2022,7254.463867,7345.456055,7254.416016,7318.016113,7318.016113,285339000
9/14/2022,222,222,222,222,222,0,9/14/2022,7317.895996,7317.895996,7219.319824,7278.078125,7278.078125,250200100
9/15/2022,222,222,222,222,222,0,9/15/2022,7278.198242,7377.495117,7278.198242,7305.601074,7305.601074,274253400
9/16/2022,222,222,222,222,222,0,9/16/2022,7305.601074,7306.163086,7163.073242,7168.870117,7168.870117,351796400
9/19/2022,222,222,222,222,222,0,9/19/2022,7168.950195,7231.416016,7151.615234,7195.487793,7195.487793,252816300
9/20/2022,222,222,222,222,222,0,9/20/2022,7195.567871,7252.186035,7186.246094,7196.951172,7196.951172,279749000
9/21/2022,222,222,222,222,222,0,9/21/2022,7196.871094,7204.901855,7134.785156,7188.313965,7188.313965,246224300
9/22/2022,222,222,222,222,222,0,9/22/2022,7188.193848,7225.550781,7127.457031,7218.905762,7218.905762,282626800
9/23/2022,222,222,222,222,222,0,9/23/2022,7219.025879,7219.025879,7172.533203,7178.583008,7178.583008,205509000
9/26/2022,222,222,222,222,222,0,9/26/2022,7178.50293,7178.50293,7039.241211,7127.50293,7127.50293,193399700
9/27/2022,222,222,222,222,222,0,9/27/2022,7127.50293,7133.411133,7075.653809,7112.449219,7112.449219,227195500
9/28/2022,222,222,222,222,222,0,9/28/2022,7112.40918,7156.97998,7073.473145,7077.030762,7077.030762,193422200
9/29/2022,222,222,222,222,222,0,9/29/2022,7077.11084,7135.500977,7023.210938,7036.198242,7036.198242,214141900
9/30/2022,222,222,222,222,222,0,9/30/2022,7036.198242,7056.169922,6926.859863,7040.797852,7040.797852,208540900
10/3/2022,222,222,222,222,222,0,10/3/2022,7040.797852,7047.624023,6995.062012,7009.717773,7009.717773,179996500
10/4/2022,222,222,222,222,222,0,10/4/2022,7009.836914,7101.472168,7009.836914,7072.255859,7072.255859,216377800
10/5/2022,222,222,222,222,222,0,10/5/2022,7072.294922,7131.879883,7070.212891,7075.384766,7075.384766,219700600
10/6/2022,222,222,222,222,222,0,10/6/2022,7075.384766,7135.908203,7066.471191,7076.623047,7076.623047,177554400
10/7/2022,222,222,222,222,222,0,10/7/2022,7076.623047,7081.018066,7008.144043,7026.783203,7026.783203,226928900
10/10/2022,222,222,222,222,222,0,10/10/2022,7026.663086,7026.663086,6947.719238,6994.39502,6994.39502,220135300
10/11/2022,222,222,222,222,222,0,10/11/2022,6994.39502,7001.969238,6937.809082,6939.14502,6939.14502,237406700
10/12/2022,222,222,222,222,222,0,10/12/2022,6939.14502,6990.587891,6870.282227,6909.208984,6909.208984,225826800
10/13/2022,222,222,222,222,222,0,10/13/2022,6909.208984,6933.708008,6880.625,6880.625,6880.625,175237300
10/14/2022,222,222,222,222,222,0,10/14/2022,6880.665039,6943.85498,6814.529785,6814.529785,6814.529785,188093100
10/17/2022,222,222,222,222,222,0,10/17/2022,6814.529785,6836.975098,6747.379883,6831.115234,6831.115234,217793900
10/18/2022,222,222,222,222,222,0,10/18/2022,6831.154785,6891.984863,6809.984863,6834.494141,6834.494141,204836800
10/19/2022,222,222,222,222,222,0,10/19/2022,6834.494141,6883.916992,6806.11377,6860.416016,6860.416016,165404100
10/20/2022,222,222,222,222,222,0,10/20/2022,6860.416016,6986.205078,6847.066895,6980.651855,6980.651855,225664700
10/21/2022,222,222,222,222,222,0,10/21/2022,6980.691895,7058.911133,6974.962891,7017.770996,7017.770996,181511700
10/24/2022,222,222,222,222,222,0,10/24/2022,7017.811035,7092.169922,7017.460938,7053.043945,7053.043945,203913800
10/25/2022,222,222,222,222,222,0,10/25/2022,7053.083984,7108.815918,7032.541992,7048.379883,7048.379883,223456200
10/26/2022,222,222,222,222,222,0,10/26/2022,7048.419922,7081.879883,7017.935059,7043.938965,7043.938965,187797900
10/27/2022,222,222,222,222,222,0,10/27/2022,7043.979004,7104.853027,7043.979004,7091.76123,7091.76123,188078500
10/28/2022,222,222,222,222,222,0,10/28/2022,7091.76123,7100.808105,7016.702148,7056.040039,7056.040039,186703600
10/31/2022,222,222,222,222,222,0,10/31/2022,7056.040039,7113.112793,7051.429199,7098.890137,7098.890137,192397100
11/1/2022,222,222,222,222,222,0,11/1/2022,7098.930176,7128.13623,7018.551758,7052.303223,7052.303223,193069500
11/2/2022,222,222,222,222,222,0,11/2/2022,7052.303223,7074.23291,6976.871094,7015.689941,7015.689941,165214300
11/3/2022,222,222,222,222,222,0,11/3/2022,7015.689941,7050.380859,6962.853027,7034.573242,7034.573242,176601600
11/4/2022,222,222,222,222,222,0,11/4/2022,7034.573242,7045.526855,6973.318848,7045.526855,7045.526855,180561000
11/7/2022,222,222,222,222,222,0,11/7/2022,7045.526855,7102.395996,7011.563965,7102.395996,7102.395996,194075900
11/8/2022,222,222,222,222,222,0,11/8/2022,7102.436035,7111.439941,7039.251953,7050.125977,7050.125977,193397800
11/9/2022,222,222,222,222,222,0,11/9/2022,7050.085938,7073.551758,7037.307129,7070.083984,7070.083984,187445600
11/10/2022,222,222,222,222,222,0,11/10/2022,7070.083984,7070.083984,6956.288086,6966.836914,6966.836914,188518000
11/11/2022,222,222,222,222,222,0,11/11/2022,6966.996094,7106.060059,6966.996094,7089.206055,7089.206055,226055800
11/14/2022,222,222,222,222,222,0,11/14/2022,7089.206055,7104.76416,7014.297852,7019.39209,7019.39209,174641100
11/15/2022,222,222,222,222,222,0,11/15/2022,7019.39209,7048.390137,6999.23584,7035.5,7035.5,167825000
11/16/2022,222,222,222,222,222,0,11/16/2022,7035.5,7046.999023,6955.528809,7014.383789,7014.383789,165129900
11/17/2022,222,222,222,222,222,0,11/17/2022,7014.383789,7051.274902,6965.762207,7044.98584,7044.98584,156588900
11/18/2022,222,222,222,222,222,0,11/18/2022,7045.025879,7094.097168,7027.746094,7082.181152,7082.181152,167164400
11/21/2022,222,222,222,222,222,0,11/21/2022,7082.181152,7107.323242,7050.440918,7063.24707,7063.24707,162801100
11/22/2022,222,222,222,222,222,0,11/22/2022,7063.24707,7108.831055,7030.587891,7030.587891,7030.587891,177602200
11/23/2022,222,222,222,222,222,0,11/23/2022,7030.626953,7089.693848,7026.391113,7054.123047,7054.123047,157476700
11/24/2022,222,222,222,222,222,0,11/24/2022,7054.162109,7104.88916,7054.162109,7080.515137,7080.515137,159926700
11/25/2022,222,222,222,222,222,0,11/25/2022,7080.554199,7086.562012,7013.221191,7053.149902,7053.149902,158716200
11/28/2022,222,222,222,222,222,0,11/28/2022,7053.109863,7083.378906,7011.453125,7017.35791,7017.35791,187211500
11/29/2022,222,222,222,222,222,0,11/29/2022,7017.317871,7036.538086,6990.900879,7012.068848,7012.068848,164098100
11/30/2022,222,222,222,222,222,0,11/30/2022,7012.108887,7081.312988,6993.695801,7081.312988,7081.312988,273493300
12/1/2022,222,222,222,222,222,0,12/1/2022,7081.194824,7090.276855,7018.269043,7020.803223,7020.803223,167994300
12/2/2022,222,222,222,222,222,0,12/2/2022,7020.803223,7021.813965,6967.950195,7019.63916,7019.63916,139459800
12/5/2022,222,222,222,222,222,0,12/5/2022,7019.63916,7053.902832,6987.328125,6987.328125,6987.328125,165306000
12/6/2022,222,222,222,222,222,0,12/6/2022,6987.368164,6987.368164,6862.564941,6892.569824,6892.569824,149697900
12/7/2022,222,222,222,222,222,0,12/7/2022,6892.569824,6892.663086,6799.299805,6818.751953,6818.751953,158724300
12/8/2022,203.554138,203.554138,203.554138,203.554138,203.554138,0,12/8/2022,6818.791016,6821.050781,6683.628906,6804.227051,6804.227051,162316700
12/9/2022,203.554138,203.554138,203.554138,203.554138,203.554138,0,12/9/2022,6804.227051,6804.227051,6695.381836,6715.118164,6715.118164,127123900
12/12/2022,203.554138,203.554138,203.554138,203.554138,203.554138,0,12/12/2022,6715.118164,6734.452148,6641.810059,6734.452148,6734.452148,134471100
12/13/2022,203.554123,203.554123,203.554123,203.554123,203.554123,0,12/13/2022,6734.491211,6826.116211,6714.87207,6810.315918,6810.315918,396136700
12/14/2022,203.554123,203.554123,203.554123,203.554123,203.554123,0,12/14/2022,6810.355957,6854.098145,6774.131836,6801.749023,6801.749023,215430000
12/15/2022,203.554123,203.554123,203.554123,203.554123,203.554123,0,12/15/2022,6801.789063,6801.837891,6740.955078,6751.859863,6751.859863,145093400
12/16/2022,203.554123,203.554123,203.554123,203.554123,203.554123,0,12/16/2022,6751.859863,6812.192871,6693.765137,6812.192871,6812.192871,156126900
12/19/2022,203.554123,203.554123,203.554123,203.554123,203.554123,0,12/19/2022,6812.153809,6827.814941,6754.087891,6779.698242,6779.698242,127896600
12/20/2022,203.554123,203.554123,203.554123,203.554123,203.554123,0,12/20/2022,6779.698242,6792.203125,6715.044922,6768.315918,6768.315918,151817000
12/21/2022,203.554123,203.554123,203.554123,203.554123,203.554123,0,12/21/2022,6768.315918,6820.663086,6763.696777,6820.663086,6820.663086,139079800
12/22/2022,203.554123,203.554123,203.554123,203.554123,203.554123,0,12/22/2022,6820.702148,6844.121094,6800.617188,6824.432129,6824.432129,129012900
12/23/2022,203.554123,203.554123,203.554123,203.554123,203.554123,0,12/23/2022,6824.393066,6824.393066,6784.586914,6800.672852,6800.672852,120430300
12/26/2022,203.554123,203.554123,203.554123,203.554123,203.554123,0,12/26/2022,6800.712891,6858.146973,6796.166992,6835.808105,6835.808105,117543200
12/27/2022,203.554123,203.554123,203.554123,203.554123,203.554123,0,12/27/2022,6835.847168,6933.88916,6835.662109,6923.026855,6923.026855,121669200
12/28/2022,203.554123,203.554123,203.554123,203.554123,203.554123,0,12/28/2022,6923.065918,6953.039063,6828.140137,6850.52002,6850.52002,120571100
12/29/2022,203.554123,203.554123,203.554123,203.554123,203.554123,0,12/29/2022,6850.52002,6879.584961,6786.981934,6860.077148,6860.077148,141016100
12/30/2022,203.554123,203.554123,203.554123,203.554123,203.554123,0,12/30/2022,6860.116211,6888.73584,6838.588867,6850.619141,6850.619141,129302000
1/2/2023,203.554123,203.554123,203.554123,203.554123,203.554123,0,1/2/2023,6850.740234,6856.88916,6823.479004,6850.983887,6850.983887,109645000
1/3/2023,204,224,190,202,202,231656400,1/3/2023,6850.983887,6908.001953,6838.574219,6888.757813,6888.757813,156894900
1/4/2023,194,204,188,188,188,112231400,1/4/2023,6888.798828,6900.603027,6813.23877,6813.23877,6813.23877,142541400
1/5/2023,177,183,175,175,175,13209400,1/5/2023,6813.279785,6813.421875,6621.986816,6653.84082,6653.84082,180589300
1/6/2023,175,175,163,163,163,8413200,1/6/2023,6653.759766,6708.637207,6598.645996,6684.558105,6684.558105,109855600
1/9/2023,152,159,152,152,152,133805400,1/9/2023,6684.558105,6726.96582,6638.645996,6688.265137,6688.265137,135949700
1/10/2023,162,162,142,142,142,29546700,1/10/2023,6688.265137,6690.229004,6570.243164,6622.499023,6622.499023,144817300
1/11/2023,133,133,133,133,133,9284800,1/11/2023,6622.539063,6622.794922,6557.919922,6584.453125,6584.453125,124903900
1/12/2023,124,124,124,124,124,4222400,1/12/2023,6584.494141,6662.229004,6574.088867,6629.934082,6629.934082,148901900
1/13/2023,116,116,116,116,116,9389900,1/13/2023,6629.934082,6658.476074,6600.594238,6641.830078,6641.830078,165594900
1/16/2023,110,110,108,108,108,8579900,1/16/2023,6641.830078,6688.057129,6627.696777,6688.057129,6688.057129,154893500
1/17/2023,101,101,101,101,101,13579300,1/17/2023,6688.057129,6801.871094,6688.057129,6767.339844,6767.339844,217634400
1/18/2023,110,110,94,100,100,1555636400,1/18/2023,6767.178223,6790.164063,6721.463867,6765.786133,6765.786133,194959200
1/19/2023,100,108,98,106,106,516053700,1/19/2023,6765.746094,6820.984863,6754.551758,6819.907227,6819.907227,154234600
1/20/2023,106,110,104,106,106,205119500,1/20/2023,6819.907227,6874.931152,6819.532227,6874.931152,6874.931152,173846000
1/24/2023,106,107,100,102,102,171797900,1/24/2023,6874.931152,6906.791016,6841.006836,6860.854004,6860.854004,196805400
1/25/2023,103,106,101,105,105,88704900,1/25/2023,6860.854004,6871.36377,6821.279785,6829.930176,6829.930176,187905300
1/26/2023,106,107,103,106,106,95521900,1/26/2023,6829.970215,6874.869141,6815.785156,6864.817871,6864.817871,171067600
1/27/2023,107,107,104,105,105,81719000,1/27/2023,6864.817871,6932.708984,6864.817871,6898.980957,6898.980957,149187500
1/30/2023,105,105,98,98,98,257412100,1/30/2023,6899.021973,6925.469238,6834.081055,6872.480957,6872.480957,134698100
1/31/2023,98,100,93,98,98,157759500,1/31/2023,6872.520996,6880.959961,6827.243164,6839.341797,6839.341797,151785000
2/1/2023,99,101,97,99,99,214309700,2/1/2023,6838.916016,6893.184082,6838.916016,6862.257813,6862.257813,145899200
2/2/2023,100,103,97,99,99,405148900,2/2/2023,6862.257813,6896.731934,6855.367188,6890.571777,6890.571777,189189500
2/3/2023,100,101,97,98,98,359632100,2/3/2023,6890.713867,6951.966797,6890.713867,6911.731934,6911.731934,202858400
2/6/2023,98,100,98,99,99,202509200,2/6/2023,6911.731934,6924.882813,6835.757813,6873.791016,6873.791016,143480000
2/7/2023,99,101,98,100,100,168732500,2/7/2023,6873.791016,6946.233887,6873.791016,6935.300781,6935.300781,173101600
2/8/2023,100,101,98,98,98,167451100,2/8/2023,6935.300781,6961.918945,6912.108887,6940.124023,6940.124023,172668200
2/9/2023,98,99,97,99,99,164946900,2/9/2023,6940.124023,6961.151855,6896.040039,6897.365234,6897.365234,176681300
2/10/2023,98,99,96,97,97,154116800,2/10/2023,6895.237793,6895.237793,6803.417969,6880.329102,6880.329102,140803700
2/13/2023,97,98,96,98,98,111648900,2/13/2023,6880.329102,6915.144043,6871.882813,6900.140137,6900.140137,213914100
2/14/2023,98,98,96,96,96,246572200,2/14/2023,6900.140137,6941.85498,6900.140137,6941.85498,6941.85498,162808100
2/15/2023,97,98,96,97,97,76866000,2/15/2023,6941.85498,6946.03418,6872.869141,6914.538086,6914.538086,148477900
2/16/2023,98,106,97,98,98,1667936200,2/16/2023,6914.538086,6933.280762,6875.300781,6895.664063,6895.664063,173648600
2/17/2023,100,100,97,97,97,410675000,2/17/2023,6895.664063,6919.091797,6868.279785,6895.713867,6895.713867,180098400
2/20/2023,97,99,96,99,99,192638300,2/20/2023,6895.855957,6910.504883,6863.670898,6894.716797,6894.716797,175859700
2/21/2023,99,100,98,100,100,123876500,2/21/2023,6894.716797,6923.672852,6870.911133,6873.404785,6873.404785,144215700
2/22/2023,100,100,98,98,98,102012000,2/22/2023,6873.263184,6875.390137,6781.229004,6809.967773,6809.967773,149215500
2/23/2023,99,99,97,98,98,69500600,2/23/2023,6810.108887,6839.454102,6806.99707,6839.454102,6839.454102,124488600
2/24/2023,99,99,96,97,97,196374500,2/24/2023,6839.454102,6880.312012,6839.454102,6856.576172,6856.576172,130300200
2/27/2023,97,97,96,96,96,36836100,2/27/2023,6856.576172,6871.111816,6819.87207,6854.776855,6854.776855,127631500
2/28/2023,96,97,93,94,94,116289200,2/28/2023,6854.776855,6890.354004,6843.23877,6843.23877,6843.23877,167931100
3/1/2023,94,95,88,88,88,437927300,3/1/2023,6843.098145,6889.51416,6833.188965,6844.936035,6844.936035,146293200
3/2/2023,87,87,82,83,83,245489300,3/2/2023,6845.078125,6875.098145,6841.861816,6857.415039,6857.415039,136086000
3/3/2023,82,86,81,84,84,160313200,3/3/2023,6857.415039,6884.116211,6804.476074,6813.63623,6813.63623,118736600
3/6/2023,84,90,84,89,89,174865600,3/6/2023,6813.918945,6856.568848,6801.189941,6807.000977,6807.000977,137055800
3/7/2023,89,91,87,89,89,127275100,3/7/2023,6806.858887,6812.958984,6758.000977,6766.757813,6766.757813,140398600
3/8/2023,89,91,87,89,89,78807300,3/8/2023,6766.757813,6776.370117,6728.190918,6776.370117,6776.370117,144130900
3/9/2023,89,90,88,89,89,30208500,3/9/2023,6776.370117,6824.664063,6776.370117,6799.794922,6799.794922,113187000
3/10/2023,88,89,83,84,84,138356400,3/10/2023,6799.794922,6799.794922,6741.410156,6765.301758,6765.301758,131746200
3/13/2023,84,87,84,86,86,62013300,3/13/2023,6765.018066,6812.874023,6727.442871,6786.955078,6786.955078,141798000
3/14/2023,86,87,82,82,82,94322100,3/14/2023,6786.671875,6786.671875,6635.375977,6641.813965,6641.813965,166605500
3/15/2023,82,84,81,82,82,49081100,3/15/2023,6641.813965,6709.86084,6628.137207,6628.137207,6628.137207,139210500
3/16/2023,83,83,77,77,77,180293100,3/16/2023,6628.137207,6630.768066,6542.791992,6565.728027,6565.728027,154420700
3/17/2023,77,79,75,78,78,46443900,3/17/2023,6565.728027,6683.094238,6565.728027,6678.236816,6678.236816,455755600
3/20/2023,78,79,75,76,76,35169300,3/20/2023,6678.236816,6678.236816,6587.688965,6612.490234,6612.490234,128905000
3/21/2023,76,77,75,77,77,29527800,3/21/2023,6612.490234,6691.61084,6609.223145,6691.61084,6691.61084,145475100
